timestamp_iso,elapsed_s,distance_m,spm,hr_bpm,speed_m_s,pace_cur_s_per_500m,pace_cur_mmss,pace_avg_s_per_500m,pace_avg_mmss,avg_power_w,total_calories,workout_type,interval_type,workout_state,rowing_state,stroke_state,interval_count,rest_distance_m,rest_time_s,last_split_time_s,last_split_distance_m,total_work_distance_m,erg_machine_type,split_avg_pace_s_per_500m,split_avg_power_w,split_avg_cal_hr
2025-09-27T14:04:34,0.0,0.0,,,,,,,,,,1,1,WaitToBegin,Idle,Unknown,,,,,,0,,,,
2025-09-27T14:04:34,0.0,0.0,,,,,,,,,,1,1,WaitToBegin,Idle,Unknown,,,,,,0,,,,
2025-09-27T14:04:34,0.0,0.0,,,,,,,,,,1,1,WaitToBegin,Idle,Unknown,,,,,,0,,,,
2025-09-27T14:04:34,0.0,0.0,,,,,,,,,,1,1,WaitToBegin,Idle,Unknown,,,,,,0,,,,
2025-09-27T14:04:34,0.0,0.0,,,,,,,,,,1,1,WaitToBegin,Idle,Unknown,,,,,,0,,,,
2025-09-27T14:04:34,0.0,0.0,,,,,,,,,,1,1,WaitToBegin,Idle,Unknown,,,,,,0,,,,
2025-09-27T14:04:34,0.0,0.0,,,,,,,,,,1,1,WaitToBegin,Idle,Unknown,,,,,,0,,,,
2025-09-27T14:04:34,0.0,0.0,,,,,,,,,,1,1,WaitToBegin,Idle,Unknown,,,,,,0,,,,
2025-09-27T14:04:34,0.0,0.0,,,,,,,,,,1,1,WaitToBegin,Idle,Unknown,,,,,,0,,,,
2025-09-27T14:04:34,0.0,0.0,,,,,,,,,,1,1,WaitToBegin,Idle,Unknown,,,,,,0,,,,
2025-09-27T14:04:34,0.0,0.0,0,,0.0,0.0,0:00.0,0.0,0:00.0,0,0,1,1,WaitToBegin,Idle,Unknown,0,0,0.0,0.0,0,0,,0.0,0,0
2025-09-27T14:04:34,0.0,0.0,0,,0.0,0.0,0:00.0,0.0,0:00.0,0,0,1,1,WaitToBegin,Idle,Unknown,0,0,0.0,0.0,0,0,,0.0,0,0
2025-09-27T14:04:34,0.0,0.0,0,,0.0,0.0,0:00.0,0.0,0:00.0,0,0,1,1,WaitToBegin,Idle,Unknown,0,0,0.0,0.0,0,0,,0.0,0,0
2025-09-27T14:04:34,0.0,0.0,0,,0.0,0.0,0:00.0,0.0,0:00.0,0,0,1,1,WaitToBegin,Idle,Unknown,0,0,0.0,0.0,0,0,,0.0,0,0
2025-09-27T14:04:34,0.0,0.0,0,,0.0,0.0,0:00.0,0.0,0:00.0,0,0,1,1,WaitToBegin,Idle,Unknown,0,0,0.0,0.0,0,0,,0.0,0,0
2025-09-27T14:04:34,0.0,0.0,0,,0.0,0.0,0:00.0,0.0,0:00.0,0,0,1,1,WaitToBegin,Idle,Unknown,0,0,0.0,0.0,0,0,,0.0,0,0
2025-09-27T14:04:35,0.0,0.0,0,,0.0,0.0,0:00.0,0.0,0:00.0,0,0,1,1,WaitToBegin,Idle,Unknown,0,0,0.0,0.0,0,0,,0.0,0,0
2025-09-27T14:04:35,0.0,0.0,0,,0.0,0.0,0:00.0,0.0,0:00.0,0,0,1,1,WaitToBegin,Idle,Unknown,0,0,0.0,0.0,0,0,,0.0,0,0
2025-09-27T14:04:35,0.0,0.0,0,,0.0,0.0,0:00.0,0.0,0:00.0,0,0,1,1,WaitToBegin,Idle,Unknown,0,0,0.0,0.0,0,0,,0.0,0,0
2025-09-27T14:04:35,0.0,0.0,0,,0.0,0.0,0:00.0,0.0,0:00.0,0,0,1,1,WaitToBegin,Idle,Unknown,0,0,0.0,0.0,0,0,,0.0,0,0
2025-09-27T14:04:35,0.0,0.0,0,,0.0,0.0,0:00.0,0.0,0:00.0,0,0,1,1,WaitToBegin,Idle,Unknown,0,0,0.0,0.0,0,0,,0.0,0,0
2025-09-27T14:04:35,0.0,0.0,0,,0.0,0.0,0:00.0,0.0,0:00.0,0,0,1,1,WaitToBegin,Idle,Unknown,0,0,0.0,0.0,0,0,,0.0,0,0
2025-09-27T14:04:35,0.0,0.0,0,,0.0,0.0,0:00.0,0.0,0:00.0,0,0,1,1,WaitToBegin,Idle,Unknown,0,0,0.0,0.0,0,0,,0.0,0,0
2025-09-27T14:04:35,0.0,0.0,0,,0.0,0.0,0:00.0,0.0,0:00.0,0,0,1,1,WaitToBegin,Idle,Unknown,0,0,0.0,0.0,0,0,,0.0,0,0
2025-09-27T14:04:35,0.0,0.0,0,,0.0,0.0,0:00.0,0.0,0:00.0,0,0,1,1,WaitToBegin,Idle,Unknown,0,0,0.0,0.0,0,0,,0.0,0,0
2025-09-27T14:04:35,0.0,0.0,0,,0.0,0.0,0:00.0,0.0,0:00.0,0,0,1,1,WaitToBegin,Idle,Unknown,0,0,0.0,0.0,0,0,,0.0,0,0
2025-09-27T14:04:35,0.0,0.0,0,,0.0,0.0,0:00.0,0.0,0:00.0,0,0,1,1,WaitToBegin,Idle,Unknown,0,0,0.0,0.0,0,0,,0.0,0,0
2025-09-27T14:04:35,0.0,0.0,0,,0.0,0.0,0:00.0,0.0,0:00.0,0,0,1,1,WaitToBegin,Idle,Unknown,0,0,0.0,0.0,0,0,,0.0,0,0
2025-09-27T14:04:35,0.0,0.0,0,,0.0,0.0,0:00.0,0.0,0:00.0,0,0,1,1,WaitToBegin,Idle,Unknown,0,0,0.0,0.0,0,0,,0.0,0,0
2025-09-27T14:04:35,0.0,0.0,0,,0.0,0.0,0:00.0,0.0,0:00.0,0,0,1,1,WaitToBegin,Idle,Unknown,0,0,0.0,0.0,0,0,,0.0,0,0
2025-09-27T14:04:35,0.0,0.0,0,,0.0,0.0,0:00.0,0.0,0:00.0,0,0,1,1,WaitToBegin,Idle,Unknown,0,0,0.0,0.0,0,0,,0.0,0,0
2025-09-27T14:04:35,0.0,0.0,0,,0.0,0.0,0:00.0,0.0,0:00.0,0,0,1,1,WaitToBegin,Idle,Unknown,0,0,0.0,0.0,0,0,,0.0,0,0
2025-09-27T14:04:35,0.0,0.0,0,,0.0,0.0,0:00.0,0.0,0:00.0,0,0,1,1,WaitToBegin,Idle,Unknown,0,0,0.0,0.0,0,0,,0.0,0,0
2025-09-27T14:04:35,0.0,0.0,0,,0.0,0.0,0:00.0,0.0,0:00.0,0,0,1,1,WaitToBegin,Idle,Unknown,0,0,0.0,0.0,0,0,,0.0,0,0
2025-09-27T14:04:35,0.0,0.0,0,,0.0,0.0,0:00.0,0.0,0:00.0,0,0,1,1,WaitToBegin,Idle,Unknown,0,0,0.0,0.0,0,0,,0.0,0,0
2025-09-27T14:04:35,0.0,0.0,0,,0.0,0.0,0:00.0,0.0,0:00.0,0,0,1,1,WaitToBegin,Idle,Unknown,0,0,0.0,0.0,0,0,,0.0,0,0
2025-09-27T14:04:35,0.0,0.0,0,,0.0,0.0,0:00.0,0.0,0:00.0,0,0,1,1,WaitToBegin,Idle,Unknown,0,0,0.0,0.0,0,0,,0.0,0,0
2025-09-27T14:04:35,0.0,0.0,0,,0.0,0.0,0:00.0,0.0,0:00.0,0,0,1,1,WaitToBegin,Idle,Unknown,0,0,0.0,0.0,0,0,,0.0,0,0
2025-09-27T14:04:35,0.0,0.0,0,,0.0,0.0,0:00.0,0.0,0:00.0,0,0,1,1,WaitToBegin,Idle,Unknown,0,0,0.0,0.0,0,0,,0.0,0,0
2025-09-27T14:04:35,0.0,0.0,0,,0.0,0.0,0:00.0,0.0,0:00.0,0,0,1,1,WaitToBegin,Idle,Unknown,0,0,0.0,0.0,0,0,,0.0,0,0
2025-09-27T14:04:35,0.0,0.0,0,,0.0,0.0,0:00.0,0.0,0:00.0,0,0,1,1,WaitToBegin,Idle,Unknown,0,0,0.0,0.0,0,0,,0.0,0,0
2025-09-27T14:04:35,0.0,0.0,0,,0.0,0.0,0:00.0,0.0,0:00.0,0,0,1,1,WaitToBegin,Idle,Unknown,0,0,0.0,0.0,0,0,,0.0,0,0
2025-09-27T14:04:35,0.0,0.0,0,,0.0,0.0,0:00.0,0.0,0:00.0,0,0,1,1,WaitToBegin,Idle,Unknown,0,0,0.0,0.0,0,0,,0.0,0,0
2025-09-27T14:04:35,0.0,0.0,0,,0.0,0.0,0:00.0,0.0,0:00.0,0,0,1,1,WaitToBegin,Idle,Unknown,0,0,0.0,0.0,0,0,,0.0,0,0
2025-09-27T14:04:35,0.0,0.0,0,,0.0,0.0,0:00.0,0.0,0:00.0,0,0,1,1,WaitToBegin,Idle,Unknown,0,0,0.0,0.0,0,0,,0.0,0,0
2025-09-27T14:04:35,0.0,0.0,0,,0.0,0.0,0:00.0,0.0,0:00.0,0,0,1,1,WaitToBegin,Idle,Unknown,0,0,0.0,0.0,0,0,,0.0,0,0
2025-09-27T14:04:35,0.0,0.0,0,,0.0,0.0,0:00.0,0.0,0:00.0,0,0,1,1,WaitToBegin,Idle,Unknown,0,0,0.0,0.0,0,0,,0.0,0,0
2025-09-27T14:04:35,0.0,0.0,0,,0.0,0.0,0:00.0,0.0,0:00.0,0,0,1,1,WaitToBegin,Idle,Unknown,0,0,0.0,0.0,0,0,,0.0,0,0
2025-09-27T14:04:36,0.0,0.0,0,,0.0,0.0,0:00.0,0.0,0:00.0,0,0,1,1,WaitToBegin,Idle,Unknown,0,0,0.0,0.0,0,0,,0.0,0,0
2025-09-27T14:04:36,0.0,0.0,0,,0.0,0.0,0:00.0,0.0,0:00.0,0,0,1,1,WaitToBegin,Idle,Unknown,0,0,0.0,0.0,0,0,,0.0,0,0
2025-09-27T14:04:36,0.0,0.0,0,,0.0,0.0,0:00.0,0.0,0:00.0,0,0,1,1,WaitToBegin,Idle,Unknown,0,0,0.0,0.0,0,0,,0.0,0,0
2025-09-27T14:04:36,0.0,0.0,0,,0.0,0.0,0:00.0,0.0,0:00.0,0,0,1,1,WaitToBegin,Idle,Unknown,0,0,0.0,0.0,0,0,,0.0,0,0
2025-09-27T14:04:36,0.0,0.0,0,,0.0,0.0,0:00.0,0.0,0:00.0,0,0,1,1,WaitToBegin,Idle,Unknown,0,0,0.0,0.0,0,0,,0.0,0,0
2025-09-27T14:04:36,0.0,0.0,0,,0.0,0.0,0:00.0,0.0,0:00.0,0,0,1,1,WaitToBegin,Idle,Unknown,0,0,0.0,0.0,0,0,,0.0,0,0
2025-09-27T14:04:36,0.0,0.0,0,,0.0,0.0,0:00.0,0.0,0:00.0,0,0,1,1,WaitToBegin,Idle,Unknown,0,0,0.0,0.0,0,0,,0.0,0,0
2025-09-27T14:04:36,0.0,0.0,0,,0.0,0.0,0:00.0,0.0,0:00.0,0,0,1,1,WaitToBegin,Idle,Unknown,0,0,0.0,0.0,0,0,,0.0,0,0
2025-09-27T14:04:36,0.0,0.0,0,,0.0,0.0,0:00.0,0.0,0:00.0,0,0,1,1,WaitToBegin,Idle,Unknown,0,0,0.0,0.0,0,0,,0.0,0,0
2025-09-27T14:04:36,0.0,0.0,0,,0.0,0.0,0:00.0,0.0,0:00.0,0,0,1,1,WaitToBegin,Idle,Unknown,0,0,0.0,0.0,0,0,,0.0,0,0
2025-09-27T14:04:36,0.0,0.0,0,,0.0,0.0,0:00.0,0.0,0:00.0,0,0,1,1,WaitToBegin,Idle,Unknown,0,0,0.0,0.0,0,0,,0.0,0,0
2025-09-27T14:04:36,0.0,0.0,0,,0.0,0.0,0:00.0,0.0,0:00.0,0,0,1,1,WaitToBegin,Idle,Unknown,0,0,0.0,0.0,0,0,,0.0,0,0
2025-09-27T14:04:36,0.0,0.0,0,,0.0,0.0,0:00.0,0.0,0:00.0,0,0,1,1,WaitToBegin,Idle,Unknown,0,0,0.0,0.0,0,0,,0.0,0,0
2025-09-27T14:04:36,0.0,0.0,0,,0.0,0.0,0:00.0,0.0,0:00.0,0,0,1,1,WaitToBegin,Idle,Unknown,0,0,0.0,0.0,0,0,,0.0,0,0
2025-09-27T14:04:36,0.0,0.0,0,,0.0,0.0,0:00.0,0.0,0:00.0,0,0,1,1,WaitToBegin,Idle,Unknown,0,0,0.0,0.0,0,0,,0.0,0,0
2025-09-27T14:04:36,0.0,0.0,0,,0.0,0.0,0:00.0,0.0,0:00.0,0,0,1,1,WaitToBegin,Idle,Unknown,0,0,0.0,0.0,0,0,,0.0,0,0
2025-09-27T14:04:36,0.0,0.0,0,,0.0,0.0,0:00.0,0.0,0:00.0,0,0,1,1,WaitToBegin,Idle,Unknown,0,0,0.0,0.0,0,0,,0.0,0,0
2025-09-27T14:04:36,0.0,0.0,0,,0.0,0.0,0:00.0,0.0,0:00.0,0,0,1,1,WaitToBegin,Idle,Unknown,0,0,0.0,0.0,0,0,,0.0,0,0
2025-09-27T14:04:36,0.0,0.0,0,,0.0,0.0,0:00.0,0.0,0:00.0,0,0,1,1,WaitToBegin,Idle,Unknown,0,0,0.0,0.0,0,0,,0.0,0,0
2025-09-27T14:04:36,0.0,0.0,0,,0.0,0.0,0:00.0,0.0,0:00.0,0,0,1,1,WaitToBegin,Idle,Unknown,0,0,0.0,0.0,0,0,,0.0,0,0
2025-09-27T14:04:36,0.0,0.0,0,,0.0,0.0,0:00.0,0.0,0:00.0,0,0,1,1,WaitToBegin,Idle,Unknown,0,0,0.0,0.0,0,0,,0.0,0,0
2025-09-27T14:04:36,0.0,0.0,0,,0.0,0.0,0:00.0,0.0,0:00.0,0,0,1,1,WaitToBegin,Idle,Unknown,0,0,0.0,0.0,0,0,,0.0,0,0
2025-09-27T14:04:36,0.0,0.0,0,,0.0,0.0,0:00.0,0.0,0:00.0,0,0,1,1,WaitToBegin,Idle,Unknown,0,0,0.0,0.0,0,0,,0.0,0,0
2025-09-27T14:04:36,0.0,0.0,0,,0.0,0.0,0:00.0,0.0,0:00.0,0,0,1,1,WaitToBegin,Idle,Unknown,0,0,0.0,0.0,0,0,,0.0,0,0
2025-09-27T14:04:36,0.0,0.0,0,,0.0,0.0,0:00.0,0.0,0:00.0,0,0,1,1,WaitToBegin,Idle,Unknown,0,0,0.0,0.0,0,0,,0.0,0,0
2025-09-27T14:04:36,0.0,0.0,0,,0.0,0.0,0:00.0,0.0,0:00.0,0,0,1,1,WaitToBegin,Idle,Unknown,0,0,0.0,0.0,0,0,,0.0,0,0
2025-09-27T14:04:36,0.0,0.0,0,,0.0,0.0,0:00.0,0.0,0:00.0,0,0,1,1,WaitToBegin,Idle,Unknown,0,0,0.0,0.0,0,0,,0.0,0,0
2025-09-27T14:04:36,0.0,0.0,0,,0.0,0.0,0:00.0,0.0,0:00.0,0,0,1,1,WaitToBegin,Idle,Unknown,0,0,0.0,0.0,0,0,,0.0,0,0
2025-09-27T14:04:36,0.0,0.0,0,,0.0,0.0,0:00.0,0.0,0:00.0,0,0,1,1,WaitToBegin,Idle,Unknown,0,0,0.0,0.0,0,0,,0.0,0,0
2025-09-27T14:04:36,0.0,0.0,0,,0.0,0.0,0:00.0,0.0,0:00.0,0,0,1,1,WaitToBegin,Idle,Unknown,0,0,0.0,0.0,0,0,,0.0,0,0
2025-09-27T14:04:36,0.0,0.0,0,,0.0,0.0,0:00.0,0.0,0:00.0,0,0,1,1,WaitToBegin,Idle,Unknown,0,0,0.0,0.0,0,0,,0.0,0,0
2025-09-27T14:04:36,0.0,0.0,0,,0.0,0.0,0:00.0,0.0,0:00.0,0,0,1,1,WaitToBegin,Idle,Unknown,0,0,0.0,0.0,0,0,,0.0,0,0
2025-09-27T14:04:37,0.0,0.0,0,,0.0,0.0,0:00.0,0.0,0:00.0,0,0,1,1,WaitToBegin,Idle,Unknown,0,0,0.0,0.0,0,0,,0.0,0,0
2025-09-27T14:04:37,0.0,0.0,0,,0.0,0.0,0:00.0,0.0,0:00.0,0,0,1,1,WaitToBegin,Idle,Unknown,0,0,0.0,0.0,0,0,,0.0,0,0
2025-09-27T14:04:37,0.0,0.0,0,,0.0,0.0,0:00.0,0.0,0:00.0,0,0,1,1,WaitToBegin,Idle,Unknown,0,0,0.0,0.0,0,0,,0.0,0,0
2025-09-27T14:04:37,0.0,0.0,0,,0.0,0.0,0:00.0,0.0,0:00.0,0,0,1,1,WaitToBegin,Idle,Unknown,0,0,0.0,0.0,0,0,,0.0,0,0
2025-09-27T14:04:37,0.0,0.0,0,,0.0,0.0,0:00.0,0.0,0:00.0,0,0,1,1,WaitToBegin,Idle,Unknown,0,0,0.0,0.0,0,0,,0.0,0,0
2025-09-27T14:04:37,0.0,0.0,0,,0.0,0.0,0:00.0,0.0,0:00.0,0,0,1,1,WaitToBegin,Idle,Unknown,0,0,0.0,0.0,0,0,,0.0,0,0
2025-09-27T14:04:37,0.0,0.0,0,,0.0,0.0,0:00.0,0.0,0:00.0,0,0,1,1,WaitToBegin,Idle,Unknown,0,0,0.0,0.0,0,0,,0.0,0,0
2025-09-27T14:04:37,0.0,0.0,0,,0.0,0.0,0:00.0,0.0,0:00.0,0,0,1,1,WaitToBegin,Idle,Unknown,0,0,0.0,0.0,0,0,,0.0,0,0
2025-09-27T14:04:37,0.0,0.0,0,,0.0,0.0,0:00.0,0.0,0:00.0,0,0,1,1,WaitToBegin,Idle,Unknown,0,0,0.0,0.0,0,0,,0.0,0,0
2025-09-27T14:04:37,0.0,0.0,0,,0.0,0.0,0:00.0,0.0,0:00.0,0,0,1,1,WaitToBegin,Idle,Unknown,0,0,0.0,0.0,0,0,,0.0,0,0
2025-09-27T14:04:37,0.0,0.0,0,,0.0,0.0,0:00.0,0.0,0:00.0,0,0,1,1,WaitToBegin,Idle,Unknown,0,0,0.0,0.0,0,0,,0.0,0,0
2025-09-27T14:04:37,0.0,0.0,0,,0.0,0.0,0:00.0,0.0,0:00.0,0,0,1,1,WaitToBegin,Idle,Unknown,0,0,0.0,0.0,0,0,,0.0,0,0
2025-09-27T14:04:37,0.0,0.0,0,,0.0,0.0,0:00.0,0.0,0:00.0,0,0,1,1,WaitToBegin,Idle,Unknown,0,0,0.0,0.0,0,0,,0.0,0,0
2025-09-27T14:04:37,0.0,0.0,0,,0.0,0.0,0:00.0,0.0,0:00.0,0,0,1,1,WaitToBegin,Idle,Unknown,0,0,0.0,0.0,0,0,,0.0,0,0
2025-09-27T14:04:37,0.0,0.0,0,,0.0,0.0,0:00.0,0.0,0:00.0,0,0,1,1,WaitToBegin,Idle,Unknown,0,0,0.0,0.0,0,0,,0.0,0,0
2025-09-27T14:04:37,0.0,0.0,0,,0.0,0.0,0:00.0,0.0,0:00.0,0,0,1,1,WaitToBegin,Idle,Unknown,0,0,0.0,0.0,0,0,,0.0,0,0
2025-09-27T14:04:37,0.0,0.0,0,,0.0,0.0,0:00.0,0.0,0:00.0,0,0,1,1,WaitToBegin,Idle,Unknown,0,0,0.0,0.0,0,0,,0.0,0,0
2025-09-27T14:04:37,0.0,0.0,0,,0.0,0.0,0:00.0,0.0,0:00.0,0,0,1,1,WaitToBegin,Idle,Unknown,0,0,0.0,0.0,0,0,,0.0,0,0
2025-09-27T14:04:37,0.0,0.0,0,,0.0,0.0,0:00.0,0.0,0:00.0,0,0,1,1,WaitToBegin,Idle,Unknown,0,0,0.0,0.0,0,0,,0.0,0,0
2025-09-27T14:04:37,0.0,0.0,0,,0.0,0.0,0:00.0,0.0,0:00.0,0,0,1,1,WaitToBegin,Idle,Unknown,0,0,0.0,0.0,0,0,,0.0,0,0
2025-09-27T14:04:37,0.0,0.0,0,,0.0,0.0,0:00.0,0.0,0:00.0,0,0,1,1,WaitToBegin,Idle,Unknown,0,0,0.0,0.0,0,0,,0.0,0,0
2025-09-27T14:04:37,0.0,0.0,0,,0.0,0.0,0:00.0,0.0,0:00.0,0,0,1,1,WaitToBegin,Idle,Unknown,0,0,0.0,0.0,0,0,,0.0,0,0
2025-09-27T14:04:37,0.0,0.0,0,,0.0,0.0,0:00.0,0.0,0:00.0,0,0,1,1,WaitToBegin,Idle,Unknown,0,0,0.0,0.0,0,0,,0.0,0,0
2025-09-27T14:04:37,0.0,0.0,0,,0.0,0.0,0:00.0,0.0,0:00.0,0,0,1,1,WaitToBegin,Idle,Unknown,0,0,0.0,0.0,0,0,,0.0,0,0
2025-09-27T14:04:37,0.0,0.0,0,,0.0,0.0,0:00.0,0.0,0:00.0,0,0,1,1,WaitToBegin,Idle,Unknown,0,0,0.0,0.0,0,0,,0.0,0,0
2025-09-27T14:04:37,0.0,0.0,0,,0.0,0.0,0:00.0,0.0,0:00.0,0,0,1,1,WaitToBegin,Idle,Unknown,0,0,0.0,0.0,0,0,,0.0,0,0
2025-09-27T14:04:37,0.0,0.0,0,,0.0,0.0,0:00.0,0.0,0:00.0,0,0,1,1,WaitToBegin,Idle,Unknown,0,0,0.0,0.0,0,0,,0.0,0,0
2025-09-27T14:04:37,0.0,0.0,0,,0.0,0.0,0:00.0,0.0,0:00.0,0,0,1,1,WaitToBegin,Idle,Unknown,0,0,0.0,0.0,0,0,,0.0,0,0
2025-09-27T14:04:37,0.0,0.0,0,,0.0,0.0,0:00.0,0.0,0:00.0,0,0,1,1,WaitToBegin,Idle,Unknown,0,0,0.0,0.0,0,0,,0.0,0,0
2025-09-27T14:04:37,0.0,0.0,0,,0.0,0.0,0:00.0,0.0,0:00.0,0,0,1,1,WaitToBegin,Idle,Unknown,0,0,0.0,0.0,0,0,,0.0,0,0
2025-09-27T14:04:37,0.0,0.0,0,,0.0,0.0,0:00.0,0.0,0:00.0,0,0,1,1,WaitToBegin,Idle,Unknown,0,0,0.0,0.0,0,0,,0.0,0,0
2025-09-27T14:04:37,0.0,0.0,0,,0.0,0.0,0:00.0,0.0,0:00.0,0,0,1,1,WaitToBegin,Idle,Unknown,0,0,0.0,0.0,0,0,,0.0,0,0
2025-09-27T14:04:38,0.0,0.0,0,,0.0,0.0,0:00.0,0.0,0:00.0,0,0,1,1,WaitToBegin,Idle,Unknown,0,0,0.0,0.0,0,0,,0.0,0,0
2025-09-27T14:04:38,0.0,0.0,0,,0.0,0.0,0:00.0,0.0,0:00.0,0,0,1,1,WaitToBegin,Idle,Unknown,0,0,0.0,0.0,0,0,,0.0,0,0
2025-09-27T14:04:38,0.0,0.0,0,,0.0,0.0,0:00.0,0.0,0:00.0,0,0,1,1,WaitToBegin,Idle,Unknown,0,0,0.0,0.0,0,0,,0.0,0,0
2025-09-27T14:04:38,0.0,0.0,0,,0.0,0.0,0:00.0,0.0,0:00.0,0,0,1,1,WaitToBegin,Idle,Unknown,0,0,0.0,0.0,0,0,,0.0,0,0
2025-09-27T14:04:38,0.0,0.0,0,,0.0,0.0,0:00.0,0.0,0:00.0,0,0,1,1,WaitToBegin,Idle,Unknown,0,0,0.0,0.0,0,0,,0.0,0,0
2025-09-27T14:04:38,0.0,0.0,0,,0.0,0.0,0:00.0,0.0,0:00.0,0,0,1,1,WaitToBegin,Idle,Unknown,0,0,0.0,0.0,0,0,,0.0,0,0
2025-09-27T14:04:38,0.0,0.0,0,,0.0,0.0,0:00.0,0.0,0:00.0,0,0,1,1,WaitToBegin,Idle,Unknown,0,0,0.0,0.0,0,0,,0.0,0,0
2025-09-27T14:04:38,0.0,0.0,0,,0.0,0.0,0:00.0,0.0,0:00.0,0,0,1,1,WaitToBegin,Idle,Unknown,0,0,0.0,0.0,0,0,,0.0,0,0
2025-09-27T14:04:38,0.0,0.0,0,,0.0,0.0,0:00.0,0.0,0:00.0,0,0,1,1,WaitToBegin,Idle,Unknown,0,0,0.0,0.0,0,0,,0.0,0,0
2025-09-27T14:04:38,0.0,0.0,0,,0.0,0.0,0:00.0,0.0,0:00.0,0,0,1,1,WaitToBegin,Idle,Unknown,0,0,0.0,0.0,0,0,,0.0,0,0
2025-09-27T14:04:38,0.0,0.0,0,,0.0,0.0,0:00.0,0.0,0:00.0,0,0,1,1,WaitToBegin,Idle,Unknown,0,0,0.0,0.0,0,0,,0.0,0,0
2025-09-27T14:04:38,0.0,0.0,0,,0.0,0.0,0:00.0,0.0,0:00.0,0,0,1,1,WaitToBegin,Idle,Unknown,0,0,0.0,0.0,0,0,,0.0,0,0
2025-09-27T14:04:38,0.0,0.0,0,,0.0,0.0,0:00.0,0.0,0:00.0,0,0,1,1,WaitToBegin,Idle,Unknown,0,0,0.0,0.0,0,0,,0.0,0,0
2025-09-27T14:04:38,0.0,0.0,0,,0.0,0.0,0:00.0,0.0,0:00.0,0,0,1,1,WaitToBegin,Idle,Unknown,0,0,0.0,0.0,0,0,,0.0,0,0
2025-09-27T14:04:38,0.0,0.0,0,,0.0,0.0,0:00.0,0.0,0:00.0,0,0,1,1,WaitToBegin,Idle,Unknown,0,0,0.0,0.0,0,0,,0.0,0,0
2025-09-27T14:04:38,0.0,0.0,0,,0.0,0.0,0:00.0,0.0,0:00.0,0,0,1,1,WaitToBegin,Idle,Unknown,0,0,0.0,0.0,0,0,,0.0,0,0
2025-09-27T14:04:38,0.0,0.0,0,,0.0,0.0,0:00.0,0.0,0:00.0,0,0,1,1,WaitToBegin,Idle,Unknown,0,0,0.0,0.0,0,0,,0.0,0,0
2025-09-27T14:04:38,0.0,0.0,0,,0.0,0.0,0:00.0,0.0,0:00.0,0,0,1,1,WaitToBegin,Idle,Unknown,0,0,0.0,0.0,0,0,,0.0,0,0
2025-09-27T14:04:38,0.0,0.0,0,,0.0,0.0,0:00.0,0.0,0:00.0,0,0,1,1,WaitToBegin,Idle,Unknown,0,0,0.0,0.0,0,0,,0.0,0,0
2025-09-27T14:04:38,0.0,0.0,0,,0.0,0.0,0:00.0,0.0,0:00.0,0,0,1,1,WaitToBegin,Idle,Unknown,0,0,0.0,0.0,0,0,,0.0,0,0
2025-09-27T14:04:38,0.0,0.0,0,,0.0,0.0,0:00.0,0.0,0:00.0,0,0,1,1,WaitToBegin,Idle,Unknown,0,0,0.0,0.0,0,0,,0.0,0,0
2025-09-27T14:04:38,0.0,0.0,0,,0.0,0.0,0:00.0,0.0,0:00.0,0,0,1,1,WaitToBegin,Idle,Unknown,0,0,0.0,0.0,0,0,,0.0,0,0
2025-09-27T14:04:38,0.0,0.0,0,,0.0,0.0,0:00.0,0.0,0:00.0,0,0,1,1,WaitToBegin,Idle,Unknown,0,0,0.0,0.0,0,0,,0.0,0,0
2025-09-27T14:04:38,0.0,0.0,0,,0.0,0.0,0:00.0,0.0,0:00.0,0,0,1,1,WaitToBegin,Idle,Unknown,0,0,0.0,0.0,0,0,,0.0,0,0
2025-09-27T14:04:38,0.0,0.0,0,,0.0,0.0,0:00.0,0.0,0:00.0,0,0,1,1,WaitToBegin,Idle,Unknown,0,0,0.0,0.0,0,0,,0.0,0,0
2025-09-27T14:04:38,0.0,0.0,0,,0.0,0.0,0:00.0,0.0,0:00.0,0,0,1,1,WaitToBegin,Idle,Unknown,0,0,0.0,0.0,0,0,,0.0,0,0
2025-09-27T14:04:38,0.0,0.0,0,,0.0,0.0,0:00.0,0.0,0:00.0,0,0,1,1,WaitToBegin,Idle,Unknown,0,0,0.0,0.0,0,0,,0.0,0,0
2025-09-27T14:04:38,0.0,0.0,0,,0.0,0.0,0:00.0,0.0,0:00.0,0,0,1,1,WaitToBegin,Idle,Unknown,0,0,0.0,0.0,0,0,,0.0,0,0
2025-09-27T14:04:38,0.0,0.0,0,,0.0,0.0,0:00.0,0.0,0:00.0,0,0,1,1,WaitToBegin,Idle,Unknown,0,0,0.0,0.0,0,0,,0.0,0,0
2025-09-27T14:04:38,0.0,0.0,0,,0.0,0.0,0:00.0,0.0,0:00.0,0,0,1,1,WaitToBegin,Idle,Unknown,0,0,0.0,0.0,0,0,,0.0,0,0
2025-09-27T14:04:38,0.0,0.0,0,,0.0,0.0,0:00.0,0.0,0:00.0,0,0,1,1,WaitToBegin,Idle,Unknown,0,0,0.0,0.0,0,0,,0.0,0,0
2025-09-27T14:04:38,0.0,0.0,0,,0.0,0.0,0:00.0,0.0,0:00.0,0,0,1,1,WaitToBegin,Idle,Unknown,0,0,0.0,0.0,0,0,,0.0,0,0
2025-09-27T14:04:39,0.0,0.0,0,,0.0,0.0,0:00.0,0.0,0:00.0,0,0,1,1,WaitToBegin,Idle,Unknown,0,0,0.0,0.0,0,0,,0.0,0,0
2025-09-27T14:04:39,0.0,0.0,0,,0.0,0.0,0:00.0,0.0,0:00.0,0,0,1,1,WaitToBegin,Idle,Unknown,0,0,0.0,0.0,0,0,,0.0,0,0
2025-09-27T14:04:39,0.0,0.0,0,,0.0,0.0,0:00.0,0.0,0:00.0,0,0,1,1,WaitToBegin,Idle,Unknown,0,0,0.0,0.0,0,0,,0.0,0,0
2025-09-27T14:04:39,0.0,0.0,0,,0.0,0.0,0:00.0,0.0,0:00.0,0,0,1,1,WaitToBegin,Idle,Unknown,0,0,0.0,0.0,0,0,,0.0,0,0
2025-09-27T14:04:39,0.0,0.0,0,,0.0,0.0,0:00.0,0.0,0:00.0,0,0,1,1,WaitToBegin,Idle,Unknown,0,0,0.0,0.0,0,0,,0.0,0,0
2025-09-27T14:04:39,0.0,0.0,0,,0.0,0.0,0:00.0,0.0,0:00.0,0,0,1,1,WaitToBegin,Idle,Unknown,0,0,0.0,0.0,0,0,,0.0,0,0
2025-09-27T14:04:39,0.0,0.0,0,,0.0,0.0,0:00.0,0.0,0:00.0,0,0,1,1,WaitToBegin,Idle,Unknown,0,0,0.0,0.0,0,0,,0.0,0,0
2025-09-27T14:04:39,0.0,0.0,0,,0.0,0.0,0:00.0,0.0,0:00.0,0,0,1,1,WaitToBegin,Idle,Unknown,0,0,0.0,0.0,0,0,,0.0,0,0
2025-09-27T14:04:39,0.0,0.0,0,,0.0,0.0,0:00.0,0.0,0:00.0,0,0,1,1,WaitToBegin,Idle,Unknown,0,0,0.0,0.0,0,0,,0.0,0,0
2025-09-27T14:04:39,0.0,0.0,0,,0.0,0.0,0:00.0,0.0,0:00.0,0,0,1,1,WaitToBegin,Idle,Unknown,0,0,0.0,0.0,0,0,,0.0,0,0
2025-09-27T14:04:39,0.0,0.0,0,,0.0,0.0,0:00.0,0.0,0:00.0,0,0,1,1,WaitToBegin,Idle,Unknown,0,0,0.0,0.0,0,0,,0.0,0,0
2025-09-27T14:04:39,0.0,0.0,0,,0.0,0.0,0:00.0,0.0,0:00.0,0,0,1,1,WaitToBegin,Idle,Unknown,0,0,0.0,0.0,0,0,,0.0,0,0
2025-09-27T14:04:39,0.0,0.0,0,,0.0,0.0,0:00.0,0.0,0:00.0,0,0,1,1,WaitToBegin,Idle,Unknown,0,0,0.0,0.0,0,0,,0.0,0,0
2025-09-27T14:04:39,0.0,0.0,0,,0.0,0.0,0:00.0,0.0,0:00.0,0,0,1,1,WaitToBegin,Idle,Unknown,0,0,0.0,0.0,0,0,,0.0,0,0
2025-09-27T14:04:39,0.0,0.0,0,,0.0,0.0,0:00.0,0.0,0:00.0,0,0,1,1,WaitToBegin,Idle,Unknown,0,0,0.0,0.0,0,0,,0.0,0,0
2025-09-27T14:04:39,0.0,0.0,0,,0.0,0.0,0:00.0,0.0,0:00.0,0,0,1,1,WaitToBegin,Idle,Unknown,0,0,0.0,0.0,0,0,,0.0,0,0
2025-09-27T14:04:39,0.0,0.0,0,,0.0,0.0,0:00.0,0.0,0:00.0,0,0,1,1,WaitToBegin,Idle,Unknown,0,0,0.0,0.0,0,0,,0.0,0,0
2025-09-27T14:04:39,0.0,0.0,0,,0.0,0.0,0:00.0,0.0,0:00.0,0,0,1,1,WaitToBegin,Idle,Unknown,0,0,0.0,0.0,0,0,,0.0,0,0
2025-09-27T14:04:39,0.0,0.0,0,,0.0,0.0,0:00.0,0.0,0:00.0,0,0,1,1,WaitToBegin,Idle,Unknown,0,0,0.0,0.0,0,0,,0.0,0,0
2025-09-27T14:04:39,0.0,0.0,0,,0.0,0.0,0:00.0,0.0,0:00.0,0,0,1,1,WaitToBegin,Idle,Unknown,0,0,0.0,0.0,0,0,,0.0,0,0
2025-09-27T14:04:39,0.0,0.0,0,,0.0,0.0,0:00.0,0.0,0:00.0,0,0,1,1,WaitToBegin,Idle,Unknown,0,0,0.0,0.0,0,0,,0.0,0,0
2025-09-27T14:04:39,0.0,0.0,0,,0.0,0.0,0:00.0,0.0,0:00.0,0,0,1,1,WaitToBegin,Idle,Unknown,0,0,0.0,0.0,0,0,,0.0,0,0
2025-09-27T14:04:39,0.0,0.0,0,,0.0,0.0,0:00.0,0.0,0:00.0,0,0,1,1,WaitToBegin,Idle,Unknown,0,0,0.0,0.0,0,0,,0.0,0,0
2025-09-27T14:04:39,0.0,0.0,0,,0.0,0.0,0:00.0,0.0,0:00.0,0,0,1,1,WaitToBegin,Idle,Unknown,0,0,0.0,0.0,0,0,,0.0,0,0
2025-09-27T14:04:39,0.0,0.0,0,,0.0,0.0,0:00.0,0.0,0:00.0,0,0,1,1,WaitToBegin,Idle,Unknown,0,0,0.0,0.0,0,0,,0.0,0,0
2025-09-27T14:04:39,0.0,0.0,0,,0.0,0.0,0:00.0,0.0,0:00.0,0,0,1,1,WaitToBegin,Idle,Unknown,0,0,0.0,0.0,0,0,,0.0,0,0
2025-09-27T14:04:39,0.0,0.0,0,,0.0,0.0,0:00.0,0.0,0:00.0,0,0,1,1,WaitToBegin,Idle,Unknown,0,0,0.0,0.0,0,0,,0.0,0,0
2025-09-27T14:04:39,0.0,0.0,0,,0.0,0.0,0:00.0,0.0,0:00.0,0,0,1,1,WaitToBegin,Idle,Unknown,0,0,0.0,0.0,0,0,,0.0,0,0
2025-09-27T14:04:39,0.0,0.0,0,,0.0,0.0,0:00.0,0.0,0:00.0,0,0,1,1,WaitToBegin,Idle,Unknown,0,0,0.0,0.0,0,0,,0.0,0,0
2025-09-27T14:04:39,0.0,0.0,0,,0.0,0.0,0:00.0,0.0,0:00.0,0,0,1,1,WaitToBegin,Idle,Unknown,0,0,0.0,0.0,0,0,,0.0,0,0
2025-09-27T14:04:39,0.0,0.0,0,,0.0,0.0,0:00.0,0.0,0:00.0,0,0,1,1,WaitToBegin,Idle,Unknown,0,0,0.0,0.0,0,0,,0.0,0,0
2025-09-27T14:04:39,0.0,0.0,0,,0.0,0.0,0:00.0,0.0,0:00.0,0,0,1,1,WaitToBegin,Idle,Unknown,0,0,0.0,0.0,0,0,,0.0,0,0
2025-09-27T14:04:40,0.0,0.0,0,,0.0,0.0,0:00.0,0.0,0:00.0,0,0,1,1,WaitToBegin,Idle,Unknown,0,0,0.0,0.0,0,0,,0.0,0,0
2025-09-27T14:04:40,0.0,0.0,0,,0.0,0.0,0:00.0,0.0,0:00.0,0,0,1,1,WaitToBegin,Idle,Unknown,0,0,0.0,0.0,0,0,,0.0,0,0
2025-09-27T14:04:40,0.0,0.0,0,,0.0,0.0,0:00.0,0.0,0:00.0,0,0,1,1,WaitToBegin,Idle,Unknown,0,0,0.0,0.0,0,0,,0.0,0,0
2025-09-27T14:04:40,0.0,0.0,0,,0.0,0.0,0:00.0,0.0,0:00.0,0,0,1,1,WaitToBegin,Idle,Unknown,0,0,0.0,0.0,0,0,,0.0,0,0
2025-09-27T14:04:40,0.0,0.0,0,,0.0,0.0,0:00.0,0.0,0:00.0,0,0,1,1,WaitToBegin,Idle,Unknown,0,0,0.0,0.0,0,0,,0.0,0,0
2025-09-27T14:04:40,0.0,0.0,0,,0.0,0.0,0:00.0,0.0,0:00.0,0,0,1,1,WaitToBegin,Idle,Unknown,0,0,0.0,0.0,0,0,,0.0,0,0
2025-09-27T14:04:40,0.0,0.0,0,,0.0,0.0,0:00.0,0.0,0:00.0,0,0,1,1,WaitToBegin,Idle,Unknown,0,0,0.0,0.0,0,0,,0.0,0,0
2025-09-27T14:04:40,0.0,0.0,0,,0.0,0.0,0:00.0,0.0,0:00.0,0,0,1,1,WaitToBegin,Idle,Unknown,0,0,0.0,0.0,0,0,,0.0,0,0
2025-09-27T14:04:40,0.0,0.0,0,,0.0,0.0,0:00.0,0.0,0:00.0,0,0,1,1,WaitToBegin,Idle,Unknown,0,0,0.0,0.0,0,0,,0.0,0,0
2025-09-27T14:04:40,0.0,0.0,0,,0.0,0.0,0:00.0,0.0,0:00.0,0,0,1,1,WaitToBegin,Idle,Unknown,0,0,0.0,0.0,0,0,,0.0,0,0
2025-09-27T14:04:40,0.0,0.0,0,,0.0,0.0,0:00.0,0.0,0:00.0,0,0,1,1,WaitToBegin,Idle,Unknown,0,0,0.0,0.0,0,0,,0.0,0,0
2025-09-27T14:04:40,0.0,0.0,0,,0.0,0.0,0:00.0,0.0,0:00.0,0,0,1,1,WaitToBegin,Idle,Unknown,0,0,0.0,0.0,0,0,,0.0,0,0
2025-09-27T14:04:40,0.0,0.0,0,,0.0,0.0,0:00.0,0.0,0:00.0,0,0,1,1,WaitToBegin,Idle,Unknown,0,0,0.0,0.0,0,0,,0.0,0,0
2025-09-27T14:04:40,0.0,0.0,0,,0.0,0.0,0:00.0,0.0,0:00.0,0,0,1,1,WaitToBegin,Idle,Unknown,0,0,0.0,0.0,0,0,,0.0,0,0
2025-09-27T14:04:40,0.0,0.0,0,,0.0,0.0,0:00.0,0.0,0:00.0,0,0,1,1,WaitToBegin,Idle,Unknown,0,0,0.0,0.0,0,0,,0.0,0,0
2025-09-27T14:04:40,0.0,0.0,0,,0.0,0.0,0:00.0,0.0,0:00.0,0,0,1,1,WaitToBegin,Idle,Unknown,0,0,0.0,0.0,0,0,,0.0,0,0
2025-09-27T14:04:40,0.0,0.0,0,,0.0,0.0,0:00.0,0.0,0:00.0,0,0,1,1,WaitToBegin,Idle,Unknown,0,0,0.0,0.0,0,0,,0.0,0,0
2025-09-27T14:04:40,0.0,0.0,0,,0.0,0.0,0:00.0,0.0,0:00.0,0,0,1,1,WaitToBegin,Idle,Unknown,0,0,0.0,0.0,0,0,,0.0,0,0
2025-09-27T14:04:40,0.0,0.0,0,,0.0,0.0,0:00.0,0.0,0:00.0,0,0,1,1,WaitToBegin,Idle,Unknown,0,0,0.0,0.0,0,0,,0.0,0,0
2025-09-27T14:04:40,0.0,0.0,0,,0.0,0.0,0:00.0,0.0,0:00.0,0,0,1,1,WaitToBegin,Idle,Unknown,0,0,0.0,0.0,0,0,,0.0,0,0
2025-09-27T14:04:40,0.0,0.0,0,,0.0,0.0,0:00.0,0.0,0:00.0,0,0,1,1,WaitToBegin,Idle,Unknown,0,0,0.0,0.0,0,0,,0.0,0,0
2025-09-27T14:04:40,0.0,0.0,0,,0.0,0.0,0:00.0,0.0,0:00.0,0,0,1,1,WaitToBegin,Idle,Unknown,0,0,0.0,0.0,0,0,,0.0,0,0
2025-09-27T14:04:40,0.0,0.0,0,,0.0,0.0,0:00.0,0.0,0:00.0,0,0,1,1,WaitToBegin,Idle,Unknown,0,0,0.0,0.0,0,0,,0.0,0,0
2025-09-27T14:04:40,0.0,0.0,0,,0.0,0.0,0:00.0,0.0,0:00.0,0,0,1,1,WaitToBegin,Idle,Unknown,0,0,0.0,0.0,0,0,,0.0,0,0
2025-09-27T14:04:40,0.0,0.0,0,,0.0,0.0,0:00.0,0.0,0:00.0,0,0,1,1,WaitToBegin,Idle,Unknown,0,0,0.0,0.0,0,0,,0.0,0,0
2025-09-27T14:04:40,0.18,0.2,0,,0.0,0.0,0:00.0,0.0,0:00.0,0,0,1,1,WaitToBegin,Idle,Drive,0,0,0.0,0.0,0,0,,0.0,0,0
2025-09-27T14:04:40,0.18,0.2,0,,0.0,0.0,0:00.0,0.0,0:00.0,0,0,1,1,WaitToBegin,Idle,Drive,0,0,0.0,0.0,0,0,,0.0,0,0
2025-09-27T14:04:40,0.18,0.2,0,,0.0,0.0,0:00.0,0.0,0:00.0,0,0,1,1,WaitToBegin,Idle,Drive,0,0,0.0,0.0,0,0,,0.0,0,0
2025-09-27T14:04:40,0.18,0.2,0,,0.0,0.0,0:00.0,0.0,0:00.0,0,0,1,1,WaitToBegin,Idle,Drive,0,0,0.0,0.0,0,0,,0.0,0,0
2025-09-27T14:04:40,0.18,0.2,0,,0.0,0.0,0:00.0,0.0,0:00.0,0,0,1,1,WaitToBegin,Idle,Drive,0,0,0.0,0.0,0,0,,0.0,0,0
2025-09-27T14:04:40,0.18,0.2,0,,0.0,0.0,0:00.0,0.0,0:00.0,0,0,1,1,WaitToBegin,Idle,Drive,0,0,0.0,0.0,0,0,,0.0,0,0
2025-09-27T14:04:41,0.18,0.2,0,,0.0,0.0,0:00.0,0.0,0:00.0,0,0,1,1,WaitToBegin,Idle,Drive,0,0,0.0,0.0,0,0,,0.0,0,0
2025-09-27T14:04:41,0.18,0.2,0,,0.0,0.0,0:00.0,0.0,0:00.0,0,0,1,1,WaitToBegin,Idle,Drive,0,0,0.0,0.0,0,0,,0.0,0,0
2025-09-27T14:04:41,0.18,0.2,0,,0.0,0.0,0:00.0,0.0,0:00.0,0,0,1,1,WaitToBegin,Idle,Drive,0,0,0.0,0.0,0,0,,0.0,0,0
2025-09-27T14:04:41,0.18,0.2,0,,0.0,0.0,0:00.0,0.0,0:00.0,0,0,1,1,WaitToBegin,Idle,Drive,0,0,0.0,0.0,0,0,,0.0,0,0
2025-09-27T14:04:41,0.18,0.2,0,,0.0,0.0,0:00.0,0.0,0:00.0,0,0,1,1,WaitToBegin,Idle,Drive,0,0,0.0,0.0,0,0,,0.0,0,0
2025-09-27T14:04:41,0.18,0.2,0,,0.0,0.0,0:00.0,0.0,0:00.0,0,0,1,1,WaitToBegin,Idle,Drive,0,0,0.0,0.0,0,0,,0.0,0,0
2025-09-27T14:04:41,0.18,0.2,0,,0.0,0.0,0:00.0,0.0,0:00.0,0,0,1,1,WaitToBegin,Idle,Drive,0,0,0.0,0.0,0,0,,0.0,0,0
2025-09-27T14:04:41,0.18,0.2,0,,0.0,0.0,0:00.0,0.0,0:00.0,0,0,1,1,WaitToBegin,Idle,Drive,0,0,0.0,0.0,0,0,,0.0,0,0
2025-09-27T14:04:41,0.18,0.2,0,,0.0,0.0,0:00.0,0.0,0:00.0,0,0,1,1,WaitToBegin,Idle,Drive,0,0,0.0,0.0,0,0,,0.0,0,0
2025-09-27T14:04:41,0.18,0.2,0,,0.0,0.0,0:00.0,0.0,0:00.0,0,0,1,1,WaitToBegin,Idle,Drive,0,0,0.0,0.0,0,0,,0.0,0,0
2025-09-27T14:04:41,0.65,0.9,0,,0.0,0.0,0:00.0,0.0,0:00.0,0,0,1,1,WorkoutRow,Active,Recovery,0,0,0.0,0.0,0,0,,0.0,0,0
2025-09-27T14:04:41,0.65,0.9,0,,0.0,0.0,0:00.0,0.0,0:00.0,0,0,1,1,WorkoutRow,Active,Recovery,0,0,0.0,0.0,0,0,,0.0,0,0
2025-09-27T14:04:41,0.65,0.9,0,,0.0,0.0,0:00.0,0.0,0:00.0,0,0,1,1,WorkoutRow,Active,Recovery,0,0,0.0,0.0,0,0,,0.0,0,0
2025-09-27T14:04:41,0.65,0.9,0,,0.0,0.0,0:00.0,0.0,0:00.0,0,0,1,1,WorkoutRow,Active,Recovery,0,0,0.0,0.0,0,0,,0.0,0,0
2025-09-27T14:04:41,0.65,0.9,0,,0.0,0.0,0:00.0,0.0,0:00.0,0,0,1,1,WorkoutRow,Active,Recovery,0,0,0.0,0.0,0,0,,0.0,0,0
2025-09-27T14:04:41,0.65,0.9,0,,0.0,0.0,0:00.0,0.0,0:00.0,0,0,1,1,WorkoutRow,Active,Recovery,0,0,0.0,0.0,0,0,,0.0,0,0
2025-09-27T14:04:41,0.65,0.9,0,,0.0,0.0,0:00.0,0.0,0:00.0,0,0,1,1,WorkoutRow,Active,Recovery,0,0,0.0,0.0,0,0,,0.0,0,0
2025-09-27T14:04:41,0.65,0.9,0,,0.0,0.0,0:00.0,0.0,0:00.0,0,0,1,1,WorkoutRow,Active,Recovery,0,0,0.0,0.0,0,0,,0.0,0,0
2025-09-27T14:04:41,0.65,0.9,0,,0.0,0.0,0:00.0,0.0,0:00.0,0,0,1,1,WorkoutRow,Active,Recovery,0,0,0.0,0.0,0,0,,0.0,0,0
2025-09-27T14:04:41,0.65,0.9,0,,0.0,0.0,0:00.0,0.0,0:00.0,0,0,1,1,WorkoutRow,Active,Recovery,0,0,0.0,0.0,0,0,,0.0,0,0
2025-09-27T14:04:41,0.65,0.9,0,,0.0,0.0,0:00.0,0.0,0:00.0,0,0,1,1,WorkoutRow,Active,Recovery,0,0,0.0,0.0,0,0,,0.0,0,0
2025-09-27T14:04:41,0.65,0.9,0,,0.0,0.0,0:00.0,0.0,0:00.0,0,0,1,1,WorkoutRow,Active,Recovery,0,0,0.0,0.0,0,0,,0.0,0,0
2025-09-27T14:04:41,0.65,0.9,0,,0.0,0.0,0:00.0,0.0,0:00.0,0,0,1,1,WorkoutRow,Active,Recovery,0,0,0.0,0.0,0,0,,0.0,0,0
2025-09-27T14:04:41,0.65,0.9,0,,0.0,0.0,0:00.0,0.0,0:00.0,0,0,1,1,WorkoutRow,Active,Recovery,0,0,0.0,0.0,0,0,,0.0,0,0
2025-09-27T14:04:41,0.65,0.9,0,,0.0,0.0,0:00.0,0.0,0:00.0,0,0,1,1,WorkoutRow,Active,Recovery,0,0,0.0,0.0,0,0,,0.0,0,0
2025-09-27T14:04:41,0.65,1.5,0,,0.0,0.0,0:00.0,0.0,0:00.0,0,0,1,1,WorkoutRow,Active,Recovery,0,0,0.0,0.0,0,0,,0.0,0,0
2025-09-27T14:04:41,1.13,1.5,0,,1.402,357.04,5:57.0,0.0,0:00.0,0,0,1,1,WorkoutRow,Active,Recovery,0,0,0.0,0.0,0,0,,357.04,8,0
2025-09-27T14:04:41,1.13,1.5,0,,1.402,357.04,5:57.0,0.0,0:00.0,0,0,1,1,WorkoutRow,Active,Recovery,0,0,0.0,0.0,0,0,,357.04,8,0
2025-09-27T14:04:41,1.13,1.5,0,,1.402,357.04,5:57.0,0.0,0:00.0,0,0,1,1,WorkoutRow,Active,Recovery,0,0,0.0,0.0,0,0,,357.04,8,0
2025-09-27T14:04:41,1.13,1.5,0,,1.402,357.04,5:57.0,0.0,0:00.0,0,0,1,1,WorkoutRow,Active,Recovery,0,0,0.0,0.0,0,0,,357.04,8,0
2025-09-27T14:04:41,1.13,1.5,0,,1.402,357.04,5:57.0,0.0,0:00.0,0,0,1,1,WorkoutRow,Active,Recovery,0,0,0.0,0.0,0,0,,357.04,8,0
2025-09-27T14:04:41,1.13,1.5,0,,1.402,357.04,5:57.0,0.0,0:00.0,0,0,1,1,WorkoutRow,Active,Recovery,0,0,0.0,0.0,0,0,,357.04,8,0
2025-09-27T14:04:42,1.13,1.5,0,,1.402,357.04,5:57.0,0.0,0:00.0,0,0,1,1,WorkoutRow,Active,Recovery,0,0,0.0,0.0,0,0,,357.04,8,0
2025-09-27T14:04:42,1.13,1.5,0,,1.402,357.04,5:57.0,0.0,0:00.0,0,0,1,1,WorkoutRow,Active,Recovery,0,0,0.0,0.0,0,0,,357.04,8,0
2025-09-27T14:04:42,1.13,1.5,0,,1.402,357.04,5:57.0,0.0,0:00.0,0,0,1,1,WorkoutRow,Active,Recovery,0,0,0.0,0.0,0,0,,357.04,8,0
2025-09-27T14:04:42,1.13,1.5,0,,1.402,357.04,5:57.0,0.0,0:00.0,0,0,1,1,WorkoutRow,Active,Recovery,0,0,0.0,0.0,0,0,,357.04,8,0
2025-09-27T14:04:42,1.13,1.5,0,,1.402,357.04,5:57.0,0.0,0:00.0,0,0,1,1,WorkoutRow,Active,Recovery,0,0,0.0,0.0,0,0,,357.04,8,0
2025-09-27T14:04:42,1.13,1.5,0,,1.402,357.04,5:57.0,0.0,0:00.0,0,0,1,1,WorkoutRow,Active,Recovery,0,0,0.0,0.0,0,0,,357.04,8,0
2025-09-27T14:04:42,1.13,1.5,0,,1.402,357.04,5:57.0,0.0,0:00.0,0,0,1,1,WorkoutRow,Active,Recovery,0,0,0.0,0.0,0,0,,357.04,8,0
2025-09-27T14:04:42,1.13,1.5,0,,1.402,357.04,5:57.0,0.0,0:00.0,0,0,1,1,WorkoutRow,Active,Recovery,0,0,0.0,0.0,0,0,,357.04,8,0
2025-09-27T14:04:42,1.13,1.5,0,,1.402,357.04,5:57.0,0.0,0:00.0,0,0,1,1,WorkoutRow,Active,Recovery,0,0,0.0,0.0,0,0,,357.04,8,0
2025-09-27T14:04:42,1.13,1.5,0,,1.402,357.04,5:57.0,0.0,0:00.0,0,0,1,1,WorkoutRow,Active,Recovery,0,0,0.0,0.0,0,0,,357.04,8,0
2025-09-27T14:04:42,1.13,1.5,0,,1.402,357.04,5:57.0,0.0,0:00.0,0,0,1,1,WorkoutRow,Active,Recovery,0,0,0.0,0.0,0,0,,357.04,8,0
2025-09-27T14:04:42,1.68,2.5,0,,1.402,357.04,5:57.0,0.0,0:00.0,0,0,1,1,WorkoutRow,Active,Drive,0,0,0.0,0.0,0,0,,357.04,8,0
2025-09-27T14:04:42,1.68,2.5,0,,1.402,357.04,5:57.0,0.0,0:00.0,0,0,1,1,WorkoutRow,Active,Drive,0,0,0.0,0.0,0,0,,357.04,8,0
2025-09-27T14:04:42,1.68,2.5,0,,1.402,357.04,5:57.0,0.0,0:00.0,0,0,1,1,WorkoutRow,Active,Drive,0,0,0.0,0.0,0,0,,357.04,8,0
2025-09-27T14:04:42,1.68,2.5,0,,1.402,357.04,5:57.0,0.0,0:00.0,0,0,1,1,WorkoutRow,Active,Drive,0,0,0.0,0.0,0,0,,357.04,8,0
2025-09-27T14:04:42,1.68,2.5,0,,1.402,357.04,5:57.0,0.0,0:00.0,0,0,1,1,WorkoutRow,Active,Drive,0,0,0.0,0.0,0,0,,357.04,8,0
2025-09-27T14:04:42,1.68,2.5,0,,1.402,357.04,5:57.0,0.0,0:00.0,0,0,1,1,WorkoutRow,Active,Drive,0,0,0.0,0.0,0,0,,357.04,8,0
2025-09-27T14:04:42,1.68,2.5,0,,1.402,357.04,5:57.0,0.0,0:00.0,0,0,1,1,WorkoutRow,Active,Drive,0,0,0.0,0.0,0,0,,357.04,8,0
2025-09-27T14:04:42,1.68,2.5,0,,1.402,357.04,5:57.0,0.0,0:00.0,0,0,1,1,WorkoutRow,Active,Drive,0,0,0.0,0.0,0,0,,357.04,8,0
2025-09-27T14:04:42,1.68,2.5,0,,1.402,357.04,5:57.0,0.0,0:00.0,0,0,1,1,WorkoutRow,Active,Drive,0,0,0.0,0.0,0,0,,357.04,8,0
2025-09-27T14:04:42,1.68,2.5,0,,1.402,357.04,5:57.0,0.0,0:00.0,0,0,1,1,WorkoutRow,Active,Drive,0,0,0.0,0.0,0,0,,357.04,8,0
2025-09-27T14:04:42,1.68,2.5,0,,1.402,357.04,5:57.0,0.0,0:00.0,0,0,1,1,WorkoutRow,Active,Drive,0,0,0.0,0.0,0,0,,357.04,8,0
2025-09-27T14:04:42,1.68,2.5,0,,1.402,357.04,5:57.0,0.0,0:00.0,0,0,1,1,WorkoutRow,Active,Drive,0,0,0.0,0.0,0,0,,357.04,8,0
2025-09-27T14:04:42,1.68,2.5,0,,1.402,357.04,5:57.0,0.0,0:00.0,0,0,1,1,WorkoutRow,Active,Drive,0,0,0.0,0.0,0,0,,357.04,8,0
2025-09-27T14:04:42,1.68,2.5,0,,1.402,357.04,5:57.0,0.0,0:00.0,0,0,1,1,WorkoutRow,Active,Drive,0,0,0.0,0.0,0,0,,357.04,8,0
2025-09-27T14:04:42,1.68,2.5,0,,1.402,357.04,5:57.0,0.0,0:00.0,0,0,1,1,WorkoutRow,Active,Drive,0,0,0.0,0.0,0,0,,357.04,8,0
2025-09-27T14:04:42,2.19,4.0,0,,1.402,357.04,5:57.0,0.0,0:00.0,0,0,1,1,WorkoutRow,Active,Drive,0,0,0.0,0.0,0,0,,357.04,8,0
2025-09-27T14:04:42,2.19,4.0,0,,1.402,357.04,5:57.0,0.0,0:00.0,0,0,1,1,WorkoutRow,Active,Drive,0,0,0.0,0.0,0,0,,357.04,8,0
2025-09-27T14:04:42,2.19,4.0,0,,1.402,357.04,5:57.0,0.0,0:00.0,0,0,1,1,WorkoutRow,Active,Drive,0,0,0.0,0.0,0,0,,357.04,8,0
2025-09-27T14:04:42,2.19,4.0,0,,1.402,357.04,5:57.0,0.0,0:00.0,0,0,1,1,WorkoutRow,Active,Drive,0,0,0.0,0.0,0,0,,357.04,8,0
2025-09-27T14:04:42,2.19,4.0,0,,1.402,357.04,5:57.0,0.0,0:00.0,0,0,1,1,WorkoutRow,Active,Drive,0,0,0.0,0.0,0,0,,357.04,8,0
2025-09-27T14:04:42,2.19,4.0,0,,1.402,357.04,5:57.0,0.0,0:00.0,0,0,1,1,WorkoutRow,Active,Drive,0,0,0.0,0.0,0,0,,357.04,8,0
2025-09-27T14:04:43,2.19,4.0,0,,1.402,357.04,5:57.0,0.0,0:00.0,0,0,1,1,WorkoutRow,Active,Drive,0,0,0.0,0.0,0,0,,357.04,8,0
2025-09-27T14:04:43,2.19,4.0,0,,1.402,357.04,5:57.0,0.0,0:00.0,0,0,1,1,WorkoutRow,Active,Drive,0,0,0.0,0.0,0,0,,357.04,8,0
2025-09-27T14:04:43,2.19,4.0,0,,1.402,357.04,5:57.0,0.0,0:00.0,0,0,1,1,WorkoutRow,Active,Drive,0,0,0.0,0.0,0,0,,357.04,8,0
2025-09-27T14:04:43,2.19,4.0,0,,1.402,357.04,5:57.0,0.0,0:00.0,0,0,1,1,WorkoutRow,Active,Drive,0,0,0.0,0.0,0,0,,357.04,8,0
2025-09-27T14:04:43,2.19,4.0,0,,1.402,357.04,5:57.0,0.0,0:00.0,0,0,1,1,WorkoutRow,Active,Drive,0,0,0.0,0.0,0,0,,357.04,8,0
2025-09-27T14:04:43,2.19,4.0,0,,1.402,357.04,5:57.0,0.0,0:00.0,0,0,1,1,WorkoutRow,Active,Drive,0,0,0.0,0.0,0,0,,357.04,8,0
2025-09-27T14:04:43,2.19,4.0,0,,1.402,357.04,5:57.0,0.0,0:00.0,0,0,1,1,WorkoutRow,Active,Drive,0,0,0.0,0.0,0,0,,357.04,8,0
2025-09-27T14:04:43,2.19,4.0,0,,1.402,357.04,5:57.0,0.0,0:00.0,0,0,1,1,WorkoutRow,Active,Drive,0,0,0.0,0.0,0,0,,357.04,8,0
2025-09-27T14:04:43,2.19,4.0,0,,1.402,357.04,5:57.0,0.0,0:00.0,0,0,1,1,WorkoutRow,Active,Drive,0,0,0.0,0.0,0,0,,357.04,8,0
2025-09-27T14:04:43,2.19,4.0,0,,1.402,357.04,5:57.0,0.0,0:00.0,0,0,1,1,WorkoutRow,Active,Drive,0,0,0.0,0.0,0,0,,357.04,8,0
2025-09-27T14:04:43,2.7,5.8,32,,2.074,241.52,4:01.5,258.14,4:18.1,20,0,1,1,WorkoutRow,Active,Recovery,0,0,0.0,0.0,0,0,,258.14,20,0
2025-09-27T14:04:43,2.7,5.8,32,,2.074,241.52,4:01.5,258.14,4:18.1,20,0,1,1,WorkoutRow,Active,Recovery,0,0,0.0,0.0,0,0,,258.14,20,0
2025-09-27T14:04:43,2.7,5.8,32,,2.074,241.52,4:01.5,258.14,4:18.1,20,0,1,1,WorkoutRow,Active,Recovery,0,0,0.0,0.0,0,0,,258.14,20,0
2025-09-27T14:04:43,2.7,5.8,32,,2.074,241.52,4:01.5,258.14,4:18.1,20,0,1,1,WorkoutRow,Active,Recovery,0,0,0.0,0.0,0,0,,258.14,20,0
2025-09-27T14:04:43,2.7,5.8,32,,2.074,241.52,4:01.5,258.14,4:18.1,20,0,1,1,WorkoutRow,Active,Recovery,0,0,0.0,0.0,0,0,,258.14,20,0
2025-09-27T14:04:43,2.7,5.8,32,,2.074,241.52,4:01.5,258.14,4:18.1,20,0,1,1,WorkoutRow,Active,Recovery,0,0,0.0,0.0,0,0,,258.14,20,0
2025-09-27T14:04:43,2.7,5.8,32,,2.074,241.52,4:01.5,258.14,4:18.1,20,0,1,1,WorkoutRow,Active,Recovery,0,0,0.0,0.0,0,0,,258.14,20,0
2025-09-27T14:04:43,2.7,5.8,32,,2.074,241.52,4:01.5,258.14,4:18.1,20,0,1,1,WorkoutRow,Active,Recovery,0,0,0.0,0.0,0,0,,258.14,20,0
2025-09-27T14:04:43,2.7,5.8,32,,2.074,241.52,4:01.5,258.14,4:18.1,20,0,1,1,WorkoutRow,Active,Recovery,0,0,0.0,0.0,0,0,,258.14,20,0
2025-09-27T14:04:43,2.7,5.8,32,,2.074,241.52,4:01.5,258.14,4:18.1,20,0,1,1,WorkoutRow,Active,Recovery,0,0,0.0,0.0,0,0,,258.14,20,0
2025-09-27T14:04:43,2.7,5.8,32,,2.074,241.52,4:01.5,258.14,4:18.1,20,0,1,1,WorkoutRow,Active,Recovery,0,0,0.0,0.0,0,0,,258.14,20,0
2025-09-27T14:04:43,2.7,5.8,32,,2.074,241.52,4:01.5,258.14,4:18.1,20,0,1,1,WorkoutRow,Active,Recovery,0,0,0.0,0.0,0,0,,258.14,20,0
2025-09-27T14:04:43,2.7,5.8,32,,2.074,241.52,4:01.5,258.14,4:18.1,20,0,1,1,WorkoutRow,Active,Recovery,0,0,0.0,0.0,0,0,,258.14,20,0
2025-09-27T14:04:43,2.7,5.8,32,,2.074,241.52,4:01.5,258.14,4:18.1,20,0,1,1,WorkoutRow,Active,Recovery,0,0,0.0,0.0,0,0,,258.14,20,0
2025-09-27T14:04:43,2.7,5.8,32,,2.074,241.52,4:01.5,258.14,4:18.1,20,0,1,1,WorkoutRow,Active,Recovery,0,0,0.0,0.0,0,0,,258.14,20,0
2025-09-27T14:04:43,2.7,5.8,32,,2.074,241.52,4:01.5,258.14,4:18.1,20,0,1,1,WorkoutRow,Active,Recovery,0,0,0.0,0.0,0,0,,258.14,20,0
2025-09-27T14:04:43,2.7,7.4,32,,2.074,241.52,4:01.5,258.14,4:18.1,20,0,1,1,WorkoutRow,Active,Recovery,0,0,0.0,0.0,0,0,,258.14,20,0
2025-09-27T14:04:43,2.7,7.4,32,,2.074,241.52,4:01.5,258.14,4:18.1,20,0,1,1,WorkoutRow,Active,Recovery,0,0,0.0,0.0,0,0,,258.14,20,0
2025-09-27T14:04:43,3.2,7.4,32,,2.074,241.52,4:01.5,258.14,4:18.1,20,0,1,1,WorkoutRow,Active,Recovery,0,0,0.0,0.0,0,0,,258.14,20,0
2025-09-27T14:04:43,3.2,7.4,32,,2.074,241.52,4:01.5,258.14,4:18.1,20,0,1,1,WorkoutRow,Active,Recovery,0,0,0.0,0.0,0,0,,258.14,20,0
2025-09-27T14:04:43,3.2,7.4,32,,2.074,241.52,4:01.5,258.14,4:18.1,20,0,1,1,WorkoutRow,Active,Recovery,0,0,0.0,0.0,0,0,,258.14,20,0
2025-09-27T14:04:43,3.2,7.4,32,,2.074,241.52,4:01.5,258.14,4:18.1,20,0,1,1,WorkoutRow,Active,Recovery,0,0,0.0,0.0,0,0,,258.14,20,0
2025-09-27T14:04:44,3.2,7.4,32,,2.074,241.52,4:01.5,258.14,4:18.1,20,0,1,1,WorkoutRow,Active,Recovery,0,0,0.0,0.0,0,0,,258.14,20,0
2025-09-27T14:04:44,3.2,7.4,32,,2.074,241.52,4:01.5,258.14,4:18.1,20,0,1,1,WorkoutRow,Active,Recovery,0,0,0.0,0.0,0,0,,258.14,20,0
2025-09-27T14:04:44,3.2,7.4,32,,2.074,241.52,4:01.5,258.14,4:18.1,20,0,1,1,WorkoutRow,Active,Recovery,0,0,0.0,0.0,0,0,,258.14,20,0
2025-09-27T14:04:44,3.2,7.4,32,,2.074,241.52,4:01.5,258.14,4:18.1,20,0,1,1,WorkoutRow,Active,Recovery,0,0,0.0,0.0,0,0,,258.14,20,0
2025-09-27T14:04:44,3.2,7.4,32,,2.074,241.52,4:01.5,258.14,4:18.1,20,0,1,1,WorkoutRow,Active,Recovery,0,0,0.0,0.0,0,0,,258.14,20,0
2025-09-27T14:04:44,3.2,7.4,32,,2.074,241.52,4:01.5,258.14,4:18.1,20,0,1,1,WorkoutRow,Active,Recovery,0,0,0.0,0.0,0,0,,258.14,20,0
2025-09-27T14:04:44,3.2,7.4,32,,2.074,241.52,4:01.5,258.14,4:18.1,20,0,1,1,WorkoutRow,Active,Recovery,0,0,0.0,0.0,0,0,,258.14,20,0
2025-09-27T14:04:44,3.2,7.4,32,,2.074,241.52,4:01.5,258.14,4:18.1,20,0,1,1,WorkoutRow,Active,Recovery,0,0,0.0,0.0,0,0,,258.14,20,0
2025-09-27T14:04:44,3.2,7.4,32,,2.074,241.52,4:01.5,258.14,4:18.1,20,0,1,1,WorkoutRow,Active,Recovery,0,0,0.0,0.0,0,0,,258.14,20,0
2025-09-27T14:04:44,3.2,7.4,32,,2.074,241.52,4:01.5,258.14,4:18.1,20,0,1,1,WorkoutRow,Active,Recovery,0,0,0.0,0.0,0,0,,258.14,20,0
2025-09-27T14:04:44,3.68,8.9,32,,2.074,241.52,4:01.5,258.14,4:18.1,20,0,1,1,WorkoutRow,Active,Recovery,0,0,0.0,0.0,0,0,,258.14,20,0
2025-09-27T14:04:44,3.68,8.9,32,,2.074,241.52,4:01.5,258.14,4:18.1,20,0,1,1,WorkoutRow,Active,Recovery,0,0,0.0,0.0,0,0,,258.14,20,0
2025-09-27T14:04:44,3.68,8.9,32,,2.074,241.52,4:01.5,258.14,4:18.1,20,0,1,1,WorkoutRow,Active,Recovery,0,0,0.0,0.0,0,0,,258.14,20,0
2025-09-27T14:04:44,3.68,8.9,32,,2.074,241.52,4:01.5,258.14,4:18.1,20,0,1,1,WorkoutRow,Active,Recovery,0,0,0.0,0.0,0,0,,258.14,20,0
2025-09-27T14:04:44,3.68,8.9,32,,2.074,241.52,4:01.5,258.14,4:18.1,20,0,1,1,WorkoutRow,Active,Recovery,0,0,0.0,0.0,0,0,,258.14,20,0
2025-09-27T14:04:44,3.68,8.9,32,,2.074,241.52,4:01.5,258.14,4:18.1,20,0,1,1,WorkoutRow,Active,Recovery,0,0,0.0,0.0,0,0,,258.14,20,0
2025-09-27T14:04:44,3.68,8.9,32,,2.074,241.52,4:01.5,258.14,4:18.1,20,0,1,1,WorkoutRow,Active,Recovery,0,0,0.0,0.0,0,0,,258.14,20,0
2025-09-27T14:04:44,3.68,8.9,32,,2.074,241.52,4:01.5,258.14,4:18.1,20,0,1,1,WorkoutRow,Active,Recovery,0,0,0.0,0.0,0,0,,258.14,20,0
2025-09-27T14:04:44,3.68,8.9,32,,2.074,241.52,4:01.5,258.14,4:18.1,20,0,1,1,WorkoutRow,Active,Recovery,0,0,0.0,0.0,0,0,,258.14,20,0
2025-09-27T14:04:44,3.68,8.9,32,,2.074,241.52,4:01.5,258.14,4:18.1,20,0,1,1,WorkoutRow,Active,Recovery,0,0,0.0,0.0,0,0,,258.14,20,0
2025-09-27T14:04:44,3.68,8.9,32,,2.074,241.52,4:01.5,258.14,4:18.1,20,0,1,1,WorkoutRow,Active,Recovery,0,0,0.0,0.0,0,0,,258.14,20,0
2025-09-27T14:04:44,3.68,8.9,32,,2.074,241.52,4:01.5,258.14,4:18.1,20,0,1,1,WorkoutRow,Active,Recovery,0,0,0.0,0.0,0,0,,258.14,20,0
2025-09-27T14:04:44,3.68,8.9,32,,2.074,241.52,4:01.5,258.14,4:18.1,20,0,1,1,WorkoutRow,Active,Recovery,0,0,0.0,0.0,0,0,,258.14,20,0
2025-09-27T14:04:44,3.68,8.9,32,,2.074,241.52,4:01.5,258.14,4:18.1,20,0,1,1,WorkoutRow,Active,Recovery,0,0,0.0,0.0,0,0,,258.14,20,0
2025-09-27T14:04:44,3.68,8.9,32,,2.074,241.52,4:01.5,258.14,4:18.1,20,0,1,1,WorkoutRow,Active,Recovery,0,0,0.0,0.0,0,0,,258.14,20,0
2025-09-27T14:04:44,3.68,8.9,32,,2.074,241.52,4:01.5,258.14,4:18.1,20,0,1,1,WorkoutRow,Active,Recovery,0,0,0.0,0.0,0,0,,258.14,20,0
2025-09-27T14:04:44,3.68,8.9,32,,2.074,241.52,4:01.5,258.14,4:18.1,20,0,1,1,WorkoutRow,Active,Recovery,0,0,0.0,0.0,0,0,,258.14,20,0
2025-09-27T14:04:44,4.23,10.8,32,,2.074,241.52,4:01.5,258.14,4:18.1,20,0,1,1,WorkoutRow,Active,Drive,0,0,0.0,0.0,0,0,,258.14,20,0
2025-09-27T14:04:44,4.23,10.8,32,,2.074,241.52,4:01.5,258.14,4:18.1,20,0,1,1,WorkoutRow,Active,Drive,0,0,0.0,0.0,0,0,,258.14,20,0
2025-09-27T14:04:44,4.23,10.8,32,,2.074,241.52,4:01.5,258.14,4:18.1,20,0,1,1,WorkoutRow,Active,Drive,0,0,0.0,0.0,0,0,,258.14,20,0
2025-09-27T14:04:44,4.23,10.8,32,,2.074,241.52,4:01.5,258.14,4:18.1,20,0,1,1,WorkoutRow,Active,Drive,0,0,0.0,0.0,0,0,,258.14,20,0
2025-09-27T14:04:44,4.23,10.8,32,,2.074,241.52,4:01.5,258.14,4:18.1,20,0,1,1,WorkoutRow,Active,Drive,0,0,0.0,0.0,0,0,,258.14,20,0
2025-09-27T14:04:45,4.23,10.8,32,,2.074,241.52,4:01.5,258.14,4:18.1,20,0,1,1,WorkoutRow,Active,Drive,0,0,0.0,0.0,0,0,,258.14,20,0
2025-09-27T14:04:45,4.23,10.8,32,,2.074,241.52,4:01.5,258.14,4:18.1,20,0,1,1,WorkoutRow,Active,Drive,0,0,0.0,0.0,0,0,,258.14,20,0
2025-09-27T14:04:45,4.23,10.8,32,,2.074,241.52,4:01.5,258.14,4:18.1,20,0,1,1,WorkoutRow,Active,Drive,0,0,0.0,0.0,0,0,,258.14,20,0
2025-09-27T14:04:45,4.23,10.8,32,,2.074,241.52,4:01.5,258.14,4:18.1,20,0,1,1,WorkoutRow,Active,Drive,0,0,0.0,0.0,0,0,,258.14,20,0
2025-09-27T14:04:45,4.23,10.8,32,,2.074,241.52,4:01.5,258.14,4:18.1,20,0,1,1,WorkoutRow,Active,Drive,0,0,0.0,0.0,0,0,,258.14,20,0
2025-09-27T14:04:45,4.23,10.8,32,,2.074,241.52,4:01.5,258.14,4:18.1,20,0,1,1,WorkoutRow,Active,Drive,0,0,0.0,0.0,0,0,,258.14,20,0
2025-09-27T14:04:45,4.23,10.8,32,,2.074,241.52,4:01.5,258.14,4:18.1,20,0,1,1,WorkoutRow,Active,Drive,0,0,0.0,0.0,0,0,,258.14,20,0
2025-09-27T14:04:45,4.23,10.8,32,,2.074,241.52,4:01.5,258.14,4:18.1,20,0,1,1,WorkoutRow,Active,Drive,0,0,0.0,0.0,0,0,,258.14,20,0
2025-09-27T14:04:45,4.23,10.8,32,,2.074,241.52,4:01.5,258.14,4:18.1,20,0,1,1,WorkoutRow,Active,Drive,0,0,0.0,0.0,0,0,,258.14,20,0
2025-09-27T14:04:45,4.23,10.8,32,,2.074,241.52,4:01.5,258.14,4:18.1,20,0,1,1,WorkoutRow,Active,Drive,0,0,0.0,0.0,0,0,,258.14,20,0
2025-09-27T14:04:45,4.23,12.8,28,,3.417,146.81,2:26.8,189.02,3:09.0,20,0,1,1,WorkoutRow,Active,Recovery,0,0,0.0,0.0,0,0,,258.14,20,0
2025-09-27T14:04:45,4.71,12.8,28,,3.417,146.81,2:26.8,189.02,3:09.0,52,0,1,1,WorkoutRow,Active,Recovery,0,0,0.0,0.0,0,0,,189.02,52,0
2025-09-27T14:04:45,4.71,12.8,28,,3.417,146.81,2:26.8,189.02,3:09.0,52,0,1,1,WorkoutRow,Active,Recovery,0,0,0.0,0.0,0,0,,189.02,52,0
2025-09-27T14:04:45,4.71,12.8,28,,3.417,146.81,2:26.8,189.02,3:09.0,52,0,1,1,WorkoutRow,Active,Recovery,0,0,0.0,0.0,0,0,,189.02,52,0
2025-09-27T14:04:45,4.71,12.8,28,,3.417,146.81,2:26.8,189.02,3:09.0,52,0,1,1,WorkoutRow,Active,Recovery,0,0,0.0,0.0,0,0,,189.02,52,0
2025-09-27T14:04:45,4.71,12.8,28,,3.417,146.81,2:26.8,189.02,3:09.0,52,0,1,1,WorkoutRow,Active,Recovery,0,0,0.0,0.0,0,0,,189.02,52,0
2025-09-27T14:04:45,4.71,12.8,28,,3.417,146.81,2:26.8,189.02,3:09.0,52,0,1,1,WorkoutRow,Active,Recovery,0,0,0.0,0.0,0,0,,189.02,52,0
2025-09-27T14:04:45,4.71,12.8,28,,3.417,146.81,2:26.8,189.02,3:09.0,52,0,1,1,WorkoutRow,Active,Recovery,0,0,0.0,0.0,0,0,,189.02,52,0
2025-09-27T14:04:45,4.71,12.8,28,,3.417,146.81,2:26.8,189.02,3:09.0,52,0,1,1,WorkoutRow,Active,Recovery,0,0,0.0,0.0,0,0,,189.02,52,0
2025-09-27T14:04:45,4.71,12.8,28,,3.417,146.81,2:26.8,189.02,3:09.0,52,0,1,1,WorkoutRow,Active,Recovery,0,0,0.0,0.0,0,0,,189.02,52,0
2025-09-27T14:04:45,4.71,12.8,28,,3.417,146.81,2:26.8,189.02,3:09.0,52,0,1,1,WorkoutRow,Active,Recovery,0,0,0.0,0.0,0,0,,189.02,52,0
2025-09-27T14:04:45,4.71,12.8,28,,3.417,146.81,2:26.8,189.02,3:09.0,52,0,1,1,WorkoutRow,Active,Recovery,0,0,0.0,0.0,0,0,,189.02,52,0
2025-09-27T14:04:45,4.71,12.8,28,,3.417,146.81,2:26.8,189.02,3:09.0,52,0,1,1,WorkoutRow,Active,Recovery,0,0,0.0,0.0,0,0,,189.02,52,0
2025-09-27T14:04:45,4.71,12.8,28,,3.417,146.81,2:26.8,189.02,3:09.0,52,0,1,1,WorkoutRow,Active,Recovery,0,0,0.0,0.0,0,0,,189.02,52,0
2025-09-27T14:04:45,4.71,12.8,28,,3.417,146.81,2:26.8,189.02,3:09.0,52,0,1,1,WorkoutRow,Active,Recovery,0,0,0.0,0.0,0,0,,189.02,52,0
2025-09-27T14:04:45,4.71,12.8,28,,3.417,146.81,2:26.8,189.02,3:09.0,52,0,1,1,WorkoutRow,Active,Recovery,0,0,0.0,0.0,0,0,,189.02,52,0
2025-09-27T14:04:45,4.71,12.8,28,,3.417,146.81,2:26.8,189.02,3:09.0,52,0,1,1,WorkoutRow,Active,Recovery,0,0,0.0,0.0,0,0,,189.02,52,0
2025-09-27T14:04:45,5.23,14.9,28,,3.417,146.81,2:26.8,189.02,3:09.0,52,0,1,1,WorkoutRow,Active,Recovery,0,0,0.0,0.0,0,0,,189.02,52,0
2025-09-27T14:04:45,5.23,14.9,28,,3.417,146.81,2:26.8,189.02,3:09.0,52,0,1,1,WorkoutRow,Active,Recovery,0,0,0.0,0.0,0,0,,189.02,52,0
2025-09-27T14:04:45,5.23,14.9,28,,3.417,146.81,2:26.8,189.02,3:09.0,52,0,1,1,WorkoutRow,Active,Recovery,0,0,0.0,0.0,0,0,,189.02,52,0
2025-09-27T14:04:45,5.23,14.9,28,,3.417,146.81,2:26.8,189.02,3:09.0,52,0,1,1,WorkoutRow,Active,Recovery,0,0,0.0,0.0,0,0,,189.02,52,0
2025-09-27T14:04:45,5.23,14.9,28,,3.417,146.81,2:26.8,189.02,3:09.0,52,0,1,1,WorkoutRow,Active,Recovery,0,0,0.0,0.0,0,0,,189.02,52,0
2025-09-27T14:04:46,5.23,14.9,28,,3.417,146.81,2:26.8,189.02,3:09.0,52,0,1,1,WorkoutRow,Active,Recovery,0,0,0.0,0.0,0,0,,189.02,52,0
2025-09-27T14:04:46,5.23,14.9,28,,3.417,146.81,2:26.8,189.02,3:09.0,52,0,1,1,WorkoutRow,Active,Recovery,0,0,0.0,0.0,0,0,,189.02,52,0
2025-09-27T14:04:46,5.23,14.9,28,,3.417,146.81,2:26.8,189.02,3:09.0,52,0,1,1,WorkoutRow,Active,Recovery,0,0,0.0,0.0,0,0,,189.02,52,0
2025-09-27T14:04:46,5.23,14.9,28,,3.417,146.81,2:26.8,189.02,3:09.0,52,0,1,1,WorkoutRow,Active,Recovery,0,0,0.0,0.0,0,0,,189.02,52,0
2025-09-27T14:04:46,5.23,14.9,28,,3.417,146.81,2:26.8,189.02,3:09.0,52,0,1,1,WorkoutRow,Active,Recovery,0,0,0.0,0.0,0,0,,189.02,52,0
2025-09-27T14:04:46,5.23,14.9,28,,3.417,146.81,2:26.8,189.02,3:09.0,52,0,1,1,WorkoutRow,Active,Recovery,0,0,0.0,0.0,0,0,,189.02,52,0
2025-09-27T14:04:46,5.23,14.9,28,,3.417,146.81,2:26.8,189.02,3:09.0,52,0,1,1,WorkoutRow,Active,Recovery,0,0,0.0,0.0,0,0,,189.02,52,0
2025-09-27T14:04:46,5.23,14.9,28,,3.417,146.81,2:26.8,189.02,3:09.0,52,0,1,1,WorkoutRow,Active,Recovery,0,0,0.0,0.0,0,0,,189.02,52,0
2025-09-27T14:04:46,5.23,14.9,28,,3.417,146.81,2:26.8,189.02,3:09.0,52,0,1,1,WorkoutRow,Active,Recovery,0,0,0.0,0.0,0,0,,189.02,52,0
2025-09-27T14:04:46,5.23,14.9,28,,3.417,146.81,2:26.8,189.02,3:09.0,52,0,1,1,WorkoutRow,Active,Recovery,0,0,0.0,0.0,0,0,,189.02,52,0
2025-09-27T14:04:46,5.23,14.9,28,,3.417,146.81,2:26.8,189.02,3:09.0,52,0,1,1,WorkoutRow,Active,Recovery,0,0,0.0,0.0,0,0,,189.02,52,0
2025-09-27T14:04:46,5.71,16.7,28,,3.417,146.81,2:26.8,189.02,3:09.0,52,0,1,1,WorkoutRow,Active,Recovery,0,0,0.0,0.0,0,0,,189.02,52,0
2025-09-27T14:04:46,5.71,16.7,28,,3.417,146.81,2:26.8,189.02,3:09.0,52,0,1,1,WorkoutRow,Active,Recovery,0,0,0.0,0.0,0,0,,189.02,52,0
2025-09-27T14:04:46,5.71,16.7,28,,3.417,146.81,2:26.8,189.02,3:09.0,52,0,1,1,WorkoutRow,Active,Recovery,0,0,0.0,0.0,0,0,,189.02,52,0
2025-09-27T14:04:46,5.71,16.7,28,,3.417,146.81,2:26.8,189.02,3:09.0,52,0,1,1,WorkoutRow,Active,Recovery,0,0,0.0,0.0,0,0,,189.02,52,0
2025-09-27T14:04:46,5.71,16.7,28,,3.417,146.81,2:26.8,189.02,3:09.0,52,0,1,1,WorkoutRow,Active,Recovery,0,0,0.0,0.0,0,0,,189.02,52,0
2025-09-27T14:04:46,5.71,16.7,28,,3.417,146.81,2:26.8,189.02,3:09.0,52,0,1,1,WorkoutRow,Active,Recovery,0,0,0.0,0.0,0,0,,189.02,52,0
2025-09-27T14:04:46,5.71,16.7,28,,3.417,146.81,2:26.8,189.02,3:09.0,52,0,1,1,WorkoutRow,Active,Recovery,0,0,0.0,0.0,0,0,,189.02,52,0
2025-09-27T14:04:46,5.71,16.7,28,,3.417,146.81,2:26.8,189.02,3:09.0,52,0,1,1,WorkoutRow,Active,Recovery,0,0,0.0,0.0,0,0,,189.02,52,0
2025-09-27T14:04:46,5.71,16.7,28,,3.417,146.81,2:26.8,189.02,3:09.0,52,0,1,1,WorkoutRow,Active,Recovery,0,0,0.0,0.0,0,0,,189.02,52,0
2025-09-27T14:04:46,5.71,16.7,28,,3.417,146.81,2:26.8,189.02,3:09.0,52,0,1,1,WorkoutRow,Active,Recovery,0,0,0.0,0.0,0,0,,189.02,52,0
2025-09-27T14:04:46,5.71,16.7,28,,3.417,146.81,2:26.8,189.02,3:09.0,52,0,1,1,WorkoutRow,Active,Recovery,0,0,0.0,0.0,0,0,,189.02,52,0
2025-09-27T14:04:46,5.71,16.7,28,,3.417,146.81,2:26.8,189.02,3:09.0,52,0,1,1,WorkoutRow,Active,Recovery,0,0,0.0,0.0,0,0,,189.02,52,0
2025-09-27T14:04:46,5.71,16.7,28,,3.417,146.81,2:26.8,189.02,3:09.0,52,0,1,1,WorkoutRow,Active,Recovery,0,0,0.0,0.0,0,0,,189.02,52,0
2025-09-27T14:04:46,5.71,16.7,28,,3.417,146.81,2:26.8,189.02,3:09.0,52,0,1,1,WorkoutRow,Active,Recovery,0,0,0.0,0.0,0,0,,189.02,52,0
2025-09-27T14:04:46,5.71,16.7,28,,3.417,146.81,2:26.8,189.02,3:09.0,52,0,1,1,WorkoutRow,Active,Recovery,0,0,0.0,0.0,0,0,,189.02,52,0
2025-09-27T14:04:46,5.71,16.7,28,,3.417,146.81,2:26.8,189.02,3:09.0,52,0,1,1,WorkoutRow,Active,Recovery,0,0,0.0,0.0,0,0,,189.02,52,0
2025-09-27T14:04:46,6.24,18.7,28,,3.417,146.81,2:26.8,189.02,3:09.0,52,0,1,1,WorkoutRow,Active,Drive,0,0,0.0,0.0,0,0,,189.02,52,0
2025-09-27T14:04:46,6.24,18.7,28,,3.417,146.81,2:26.8,189.02,3:09.0,52,0,1,1,WorkoutRow,Active,Drive,0,0,0.0,0.0,0,0,,189.02,52,0
2025-09-27T14:04:46,6.24,18.7,28,,3.417,146.81,2:26.8,189.02,3:09.0,52,0,1,1,WorkoutRow,Active,Drive,0,0,0.0,0.0,0,0,,189.02,52,0
2025-09-27T14:04:46,6.24,18.7,28,,3.417,146.81,2:26.8,189.02,3:09.0,52,0,1,1,WorkoutRow,Active,Drive,0,0,0.0,0.0,0,0,,189.02,52,0
2025-09-27T14:04:46,6.24,18.7,28,,3.417,146.81,2:26.8,189.02,3:09.0,52,0,1,1,WorkoutRow,Active,Drive,0,0,0.0,0.0,0,0,,189.02,52,0
2025-09-27T14:04:47,6.24,18.7,28,,3.417,146.81,2:26.8,189.02,3:09.0,52,0,1,1,WorkoutRow,Active,Drive,0,0,0.0,0.0,0,0,,189.02,52,0
2025-09-27T14:04:47,6.24,18.7,28,,3.417,146.81,2:26.8,189.02,3:09.0,52,0,1,1,WorkoutRow,Active,Drive,0,0,0.0,0.0,0,0,,189.02,52,0
2025-09-27T14:04:47,6.24,18.7,28,,3.417,146.81,2:26.8,189.02,3:09.0,52,0,1,1,WorkoutRow,Active,Drive,0,0,0.0,0.0,0,0,,189.02,52,0
2025-09-27T14:04:47,6.24,18.7,28,,3.417,146.81,2:26.8,189.02,3:09.0,52,0,1,1,WorkoutRow,Active,Drive,0,0,0.0,0.0,0,0,,189.02,52,0
2025-09-27T14:04:47,6.24,18.7,28,,3.417,146.81,2:26.8,189.02,3:09.0,52,0,1,1,WorkoutRow,Active,Drive,0,0,0.0,0.0,0,0,,189.02,52,0
2025-09-27T14:04:47,6.24,18.7,28,,3.417,146.81,2:26.8,189.02,3:09.0,52,0,1,1,WorkoutRow,Active,Drive,0,0,0.0,0.0,0,0,,189.02,52,0
2025-09-27T14:04:47,6.24,18.7,28,,3.417,146.81,2:26.8,189.02,3:09.0,52,0,1,1,WorkoutRow,Active,Drive,0,0,0.0,0.0,0,0,,189.02,52,0
2025-09-27T14:04:47,6.24,18.7,28,,3.417,146.81,2:26.8,189.02,3:09.0,52,0,1,1,WorkoutRow,Active,Drive,0,0,0.0,0.0,0,0,,189.02,52,0
2025-09-27T14:04:47,6.24,18.7,28,,3.417,146.81,2:26.8,189.02,3:09.0,52,0,1,1,WorkoutRow,Active,Drive,0,0,0.0,0.0,0,0,,189.02,52,0
2025-09-27T14:04:47,6.24,18.7,28,,3.417,146.81,2:26.8,189.02,3:09.0,52,0,1,1,WorkoutRow,Active,Drive,0,0,0.0,0.0,0,0,,189.02,52,0
2025-09-27T14:04:47,6.24,18.7,28,,3.417,146.81,2:26.8,189.02,3:09.0,52,0,1,1,WorkoutRow,Active,Drive,0,0,0.0,0.0,0,0,,189.02,52,0
2025-09-27T14:04:47,6.75,20.9,28,,3.961,126.72,2:06.7,162.69,2:42.7,81,1,1,1,WorkoutRow,Active,Dwell,0,0,0.0,0.0,0,0,,162.69,81,1
2025-09-27T14:04:47,6.75,20.9,28,,3.961,126.72,2:06.7,162.69,2:42.7,81,1,1,1,WorkoutRow,Active,Dwell,0,0,0.0,0.0,0,0,,162.69,81,1
2025-09-27T14:04:47,6.75,20.9,28,,3.961,126.72,2:06.7,162.69,2:42.7,81,1,1,1,WorkoutRow,Active,Dwell,0,0,0.0,0.0,0,0,,162.69,81,1
2025-09-27T14:04:47,6.75,20.9,28,,3.961,126.72,2:06.7,162.69,2:42.7,81,1,1,1,WorkoutRow,Active,Dwell,0,0,0.0,0.0,0,0,,162.69,81,1
2025-09-27T14:04:47,6.75,20.9,28,,3.961,126.72,2:06.7,162.69,2:42.7,81,1,1,1,WorkoutRow,Active,Dwell,0,0,0.0,0.0,0,0,,162.69,81,1
2025-09-27T14:04:47,6.75,20.9,28,,3.961,126.72,2:06.7,162.69,2:42.7,81,1,1,1,WorkoutRow,Active,Dwell,0,0,0.0,0.0,0,0,,162.69,81,1
2025-09-27T14:04:47,6.75,20.9,28,,3.961,126.72,2:06.7,162.69,2:42.7,81,1,1,1,WorkoutRow,Active,Dwell,0,0,0.0,0.0,0,0,,162.69,81,1
2025-09-27T14:04:47,6.75,20.9,28,,3.961,126.72,2:06.7,162.69,2:42.7,81,1,1,1,WorkoutRow,Active,Dwell,0,0,0.0,0.0,0,0,,162.69,81,1
2025-09-27T14:04:47,6.75,20.9,28,,3.961,126.72,2:06.7,162.69,2:42.7,81,1,1,1,WorkoutRow,Active,Dwell,0,0,0.0,0.0,0,0,,162.69,81,1
2025-09-27T14:04:47,6.75,20.9,28,,3.961,126.72,2:06.7,162.69,2:42.7,81,1,1,1,WorkoutRow,Active,Dwell,0,0,0.0,0.0,0,0,,162.69,81,1
2025-09-27T14:04:47,6.75,20.9,28,,3.961,126.72,2:06.7,162.69,2:42.7,81,1,1,1,WorkoutRow,Active,Dwell,0,0,0.0,0.0,0,0,,162.69,81,1
2025-09-27T14:04:47,6.75,20.9,28,,3.961,126.72,2:06.7,162.69,2:42.7,81,1,1,1,WorkoutRow,Active,Dwell,0,0,0.0,0.0,0,0,,162.69,81,1
2025-09-27T14:04:47,6.75,20.9,28,,3.961,126.72,2:06.7,162.69,2:42.7,81,1,1,1,WorkoutRow,Active,Dwell,0,0,0.0,0.0,0,0,,162.69,81,1
2025-09-27T14:04:47,6.75,20.9,28,,3.961,126.72,2:06.7,162.69,2:42.7,81,1,1,1,WorkoutRow,Active,Dwell,0,0,0.0,0.0,0,0,,162.69,81,1
2025-09-27T14:04:47,6.75,20.9,28,,3.961,126.72,2:06.7,162.69,2:42.7,81,1,1,1,WorkoutRow,Active,Dwell,0,0,0.0,0.0,0,0,,162.69,81,1
2025-09-27T14:04:47,6.75,20.9,28,,3.961,126.72,2:06.7,162.69,2:42.7,81,1,1,1,WorkoutRow,Active,Dwell,0,0,0.0,0.0,0,0,,162.69,81,1
2025-09-27T14:04:47,6.75,23.0,28,,3.961,126.72,2:06.7,162.69,2:42.7,81,1,1,1,WorkoutRow,Active,Recovery,0,0,0.0,0.0,0,0,,162.69,81,1
2025-09-27T14:04:47,7.24,23.0,28,,3.961,126.72,2:06.7,162.69,2:42.7,81,1,1,1,WorkoutRow,Active,Recovery,0,0,0.0,0.0,0,0,,162.69,81,1
2025-09-27T14:04:47,7.24,23.0,28,,3.961,126.72,2:06.7,162.69,2:42.7,81,1,1,1,WorkoutRow,Active,Recovery,0,0,0.0,0.0,0,0,,162.69,81,1
2025-09-27T14:04:47,7.24,23.0,28,,3.961,126.72,2:06.7,162.69,2:42.7,81,1,1,1,WorkoutRow,Active,Recovery,0,0,0.0,0.0,0,0,,162.69,81,1
2025-09-27T14:04:48,7.24,23.0,28,,3.961,126.72,2:06.7,162.69,2:42.7,81,1,1,1,WorkoutRow,Active,Recovery,0,0,0.0,0.0,0,0,,162.69,81,1
2025-09-27T14:04:48,7.24,23.0,28,,3.961,126.72,2:06.7,162.69,2:42.7,81,1,1,1,WorkoutRow,Active,Recovery,0,0,0.0,0.0,0,0,,162.69,81,1
2025-09-27T14:04:48,7.24,23.0,28,,3.961,126.72,2:06.7,162.69,2:42.7,81,1,1,1,WorkoutRow,Active,Recovery,0,0,0.0,0.0,0,0,,162.69,81,1
2025-09-27T14:04:48,7.24,23.0,28,,3.961,126.72,2:06.7,162.69,2:42.7,81,1,1,1,WorkoutRow,Active,Recovery,0,0,0.0,0.0,0,0,,162.69,81,1
2025-09-27T14:04:48,7.24,23.0,28,,3.961,126.72,2:06.7,162.69,2:42.7,81,1,1,1,WorkoutRow,Active,Recovery,0,0,0.0,0.0,0,0,,162.69,81,1
2025-09-27T14:04:48,7.24,23.0,28,,3.961,126.72,2:06.7,162.69,2:42.7,81,1,1,1,WorkoutRow,Active,Recovery,0,0,0.0,0.0,0,0,,162.69,81,1
2025-09-27T14:04:48,7.24,23.0,28,,3.961,126.72,2:06.7,162.69,2:42.7,81,1,1,1,WorkoutRow,Active,Recovery,0,0,0.0,0.0,0,0,,162.69,81,1
2025-09-27T14:04:48,7.24,23.0,28,,3.961,126.72,2:06.7,162.69,2:42.7,81,1,1,1,WorkoutRow,Active,Recovery,0,0,0.0,0.0,0,0,,162.69,81,1
2025-09-27T14:04:48,7.24,23.0,28,,3.961,126.72,2:06.7,162.69,2:42.7,81,1,1,1,WorkoutRow,Active,Recovery,0,0,0.0,0.0,0,0,,162.69,81,1
2025-09-27T14:04:48,7.24,23.0,28,,3.961,126.72,2:06.7,162.69,2:42.7,81,1,1,1,WorkoutRow,Active,Recovery,0,0,0.0,0.0,0,0,,162.69,81,1
2025-09-27T14:04:48,7.24,23.0,28,,3.961,126.72,2:06.7,162.69,2:42.7,81,1,1,1,WorkoutRow,Active,Recovery,0,0,0.0,0.0,0,0,,162.69,81,1
2025-09-27T14:04:48,7.24,23.0,28,,3.961,126.72,2:06.7,162.69,2:42.7,81,1,1,1,WorkoutRow,Active,Recovery,0,0,0.0,0.0,0,0,,162.69,81,1
2025-09-27T14:04:48,7.74,25.0,28,,3.961,126.72,2:06.7,162.69,2:42.7,81,1,1,1,WorkoutRow,Active,Recovery,0,0,0.0,0.0,0,0,,162.69,81,1
2025-09-27T14:04:48,7.74,25.0,28,,3.961,126.72,2:06.7,162.69,2:42.7,81,1,1,1,WorkoutRow,Active,Recovery,0,0,0.0,0.0,0,0,,162.69,81,1
2025-09-27T14:04:48,7.74,25.0,28,,3.961,126.72,2:06.7,162.69,2:42.7,81,1,1,1,WorkoutRow,Active,Recovery,0,0,0.0,0.0,0,0,,162.69,81,1
2025-09-27T14:04:48,7.74,25.0,28,,3.961,126.72,2:06.7,162.69,2:42.7,81,1,1,1,WorkoutRow,Active,Recovery,0,0,0.0,0.0,0,0,,162.69,81,1
2025-09-27T14:04:48,7.74,25.0,28,,3.961,126.72,2:06.7,162.69,2:42.7,81,1,1,1,WorkoutRow,Active,Recovery,0,0,0.0,0.0,0,0,,162.69,81,1
2025-09-27T14:04:48,7.74,25.0,28,,3.961,126.72,2:06.7,162.69,2:42.7,81,1,1,1,WorkoutRow,Active,Recovery,0,0,0.0,0.0,0,0,,162.69,81,1
2025-09-27T14:04:48,7.74,25.0,28,,3.961,126.72,2:06.7,162.69,2:42.7,81,1,1,1,WorkoutRow,Active,Recovery,0,0,0.0,0.0,0,0,,162.69,81,1
2025-09-27T14:04:48,7.74,25.0,28,,3.961,126.72,2:06.7,162.69,2:42.7,81,1,1,1,WorkoutRow,Active,Recovery,0,0,0.0,0.0,0,0,,162.69,81,1
2025-09-27T14:04:48,7.74,25.0,28,,3.961,126.72,2:06.7,162.69,2:42.7,81,1,1,1,WorkoutRow,Active,Recovery,0,0,0.0,0.0,0,0,,162.69,81,1
2025-09-27T14:04:48,7.74,25.0,28,,3.961,126.72,2:06.7,162.69,2:42.7,81,1,1,1,WorkoutRow,Active,Recovery,0,0,0.0,0.0,0,0,,162.69,81,1
2025-09-27T14:04:48,7.74,25.0,28,,3.961,126.72,2:06.7,162.69,2:42.7,81,1,1,1,WorkoutRow,Active,Recovery,0,0,0.0,0.0,0,0,,162.69,81,1
2025-09-27T14:04:48,7.74,25.0,28,,3.961,126.72,2:06.7,162.69,2:42.7,81,1,1,1,WorkoutRow,Active,Recovery,0,0,0.0,0.0,0,0,,162.69,81,1
2025-09-27T14:04:48,7.74,25.0,28,,3.961,126.72,2:06.7,162.69,2:42.7,81,1,1,1,WorkoutRow,Active,Recovery,0,0,0.0,0.0,0,0,,162.69,81,1
2025-09-27T14:04:48,7.74,25.0,28,,3.961,126.72,2:06.7,162.69,2:42.7,81,1,1,1,WorkoutRow,Active,Recovery,0,0,0.0,0.0,0,0,,162.69,81,1
2025-09-27T14:04:48,7.74,25.0,28,,3.961,126.72,2:06.7,162.69,2:42.7,81,1,1,1,WorkoutRow,Active,Recovery,0,0,0.0,0.0,0,0,,162.69,81,1
2025-09-27T14:04:48,7.74,25.0,28,,3.961,126.72,2:06.7,162.69,2:42.7,81,1,1,1,WorkoutRow,Active,Recovery,0,0,0.0,0.0,0,0,,162.69,81,1
2025-09-27T14:04:48,8.24,26.9,28,,3.961,126.72,2:06.7,162.69,2:42.7,81,1,1,1,WorkoutRow,Active,Recovery,0,0,0.0,0.0,0,0,,162.69,81,1
2025-09-27T14:04:48,8.24,26.9,28,,3.961,126.72,2:06.7,162.69,2:42.7,81,1,1,1,WorkoutRow,Active,Recovery,0,0,0.0,0.0,0,0,,162.69,81,1
2025-09-27T14:04:48,8.24,26.9,28,,3.961,126.72,2:06.7,162.69,2:42.7,81,1,1,1,WorkoutRow,Active,Recovery,0,0,0.0,0.0,0,0,,162.69,81,1
2025-09-27T14:04:48,8.24,26.9,28,,3.961,126.72,2:06.7,162.69,2:42.7,81,1,1,1,WorkoutRow,Active,Recovery,0,0,0.0,0.0,0,0,,162.69,81,1
2025-09-27T14:04:49,8.24,26.9,28,,3.961,126.72,2:06.7,162.69,2:42.7,81,1,1,1,WorkoutRow,Active,Recovery,0,0,0.0,0.0,0,0,,162.69,81,1
2025-09-27T14:04:49,8.24,26.9,28,,3.961,126.72,2:06.7,162.69,2:42.7,81,1,1,1,WorkoutRow,Active,Recovery,0,0,0.0,0.0,0,0,,162.69,81,1
2025-09-27T14:04:49,8.24,26.9,28,,3.961,126.72,2:06.7,162.69,2:42.7,81,1,1,1,WorkoutRow,Active,Recovery,0,0,0.0,0.0,0,0,,162.69,81,1
2025-09-27T14:04:49,8.24,26.9,28,,3.961,126.72,2:06.7,162.69,2:42.7,81,1,1,1,WorkoutRow,Active,Recovery,0,0,0.0,0.0,0,0,,162.69,81,1
2025-09-27T14:04:49,8.24,26.9,28,,3.961,126.72,2:06.7,162.69,2:42.7,81,1,1,1,WorkoutRow,Active,Recovery,0,0,0.0,0.0,0,0,,162.69,81,1
2025-09-27T14:04:49,8.24,26.9,28,,3.961,126.72,2:06.7,162.69,2:42.7,81,1,1,1,WorkoutRow,Active,Recovery,0,0,0.0,0.0,0,0,,162.69,81,1
2025-09-27T14:04:49,8.24,26.9,28,,3.961,126.72,2:06.7,162.69,2:42.7,81,1,1,1,WorkoutRow,Active,Recovery,0,0,0.0,0.0,0,0,,162.69,81,1
2025-09-27T14:04:49,8.24,26.9,28,,3.961,126.72,2:06.7,162.69,2:42.7,81,1,1,1,WorkoutRow,Active,Recovery,0,0,0.0,0.0,0,0,,162.69,81,1
2025-09-27T14:04:49,8.24,26.9,28,,3.961,126.72,2:06.7,162.69,2:42.7,81,1,1,1,WorkoutRow,Active,Recovery,0,0,0.0,0.0,0,0,,162.69,81,1
2025-09-27T14:04:49,8.24,26.9,28,,3.961,126.72,2:06.7,162.69,2:42.7,81,1,1,1,WorkoutRow,Active,Recovery,0,0,0.0,0.0,0,0,,162.69,81,1
2025-09-27T14:04:49,8.24,26.9,28,,3.961,126.72,2:06.7,162.69,2:42.7,81,1,1,1,WorkoutRow,Active,Recovery,0,0,0.0,0.0,0,0,,162.69,81,1
2025-09-27T14:04:49,8.24,26.9,28,,3.961,126.72,2:06.7,162.69,2:42.7,81,1,1,1,WorkoutRow,Active,Recovery,0,0,0.0,0.0,0,0,,162.69,81,1
2025-09-27T14:04:49,8.77,29.0,28,,3.961,126.72,2:06.7,162.69,2:42.7,81,1,1,1,WorkoutRow,Active,Drive,0,0,0.0,0.0,0,0,,162.69,81,1
2025-09-27T14:04:49,8.77,29.0,28,,3.961,126.72,2:06.7,162.69,2:42.7,81,1,1,1,WorkoutRow,Active,Drive,0,0,0.0,0.0,0,0,,162.69,81,1
2025-09-27T14:04:49,8.77,29.0,28,,3.961,126.72,2:06.7,162.69,2:42.7,81,1,1,1,WorkoutRow,Active,Drive,0,0,0.0,0.0,0,0,,162.69,81,1
2025-09-27T14:04:49,8.77,29.0,28,,3.961,126.72,2:06.7,162.69,2:42.7,81,1,1,1,WorkoutRow,Active,Drive,0,0,0.0,0.0,0,0,,162.69,81,1
2025-09-27T14:04:49,8.77,29.0,28,,3.961,126.72,2:06.7,162.69,2:42.7,81,1,1,1,WorkoutRow,Active,Drive,0,0,0.0,0.0,0,0,,162.69,81,1
2025-09-27T14:04:49,8.77,29.0,28,,3.961,126.72,2:06.7,162.69,2:42.7,81,1,1,1,WorkoutRow,Active,Drive,0,0,0.0,0.0,0,0,,162.69,81,1
2025-09-27T14:04:49,8.77,29.0,28,,3.961,126.72,2:06.7,162.69,2:42.7,81,1,1,1,WorkoutRow,Active,Drive,0,0,0.0,0.0,0,0,,162.69,81,1
2025-09-27T14:04:49,8.77,29.0,28,,3.961,126.72,2:06.7,162.69,2:42.7,81,1,1,1,WorkoutRow,Active,Drive,0,0,0.0,0.0,0,0,,162.69,81,1
2025-09-27T14:04:49,8.77,29.0,28,,3.961,126.72,2:06.7,162.69,2:42.7,81,1,1,1,WorkoutRow,Active,Drive,0,0,0.0,0.0,0,0,,162.69,81,1
2025-09-27T14:04:49,8.77,29.0,28,,3.961,126.72,2:06.7,162.69,2:42.7,81,1,1,1,WorkoutRow,Active,Drive,0,0,0.0,0.0,0,0,,162.69,81,1
2025-09-27T14:04:49,8.77,29.0,28,,3.961,126.72,2:06.7,162.69,2:42.7,81,1,1,1,WorkoutRow,Active,Drive,0,0,0.0,0.0,0,0,,162.69,81,1
2025-09-27T14:04:49,8.77,29.0,28,,3.961,126.72,2:06.7,162.69,2:42.7,81,1,1,1,WorkoutRow,Active,Drive,0,0,0.0,0.0,0,0,,162.69,81,1
2025-09-27T14:04:49,8.77,29.0,28,,3.961,126.72,2:06.7,162.69,2:42.7,81,1,1,1,WorkoutRow,Active,Drive,0,0,0.0,0.0,0,0,,162.69,81,1
2025-09-27T14:04:49,8.77,29.0,28,,3.961,126.72,2:06.7,162.69,2:42.7,81,1,1,1,WorkoutRow,Active,Drive,0,0,0.0,0.0,0,0,,162.69,81,1
2025-09-27T14:04:49,8.77,29.0,28,,3.961,126.72,2:06.7,162.69,2:42.7,81,1,1,1,WorkoutRow,Active,Drive,0,0,0.0,0.0,0,0,,162.69,81,1
2025-09-27T14:04:49,8.77,29.0,28,,3.961,126.72,2:06.7,162.69,2:42.7,81,1,1,1,WorkoutRow,Active,Drive,0,0,0.0,0.0,0,0,,162.69,81,1
2025-09-27T14:04:49,8.77,29.0,28,,3.961,126.72,2:06.7,162.69,2:42.7,81,1,1,1,WorkoutRow,Active,Drive,0,0,0.0,0.0,0,0,,162.69,81,1
2025-09-27T14:04:49,9.26,31.2,26,,4.08,123.02,2:03.0,149.97,2:30.0,104,1,1,1,WorkoutRow,Active,Recovery,0,0,0.0,0.0,0,0,,149.97,104,1
2025-09-27T14:04:49,9.26,31.2,26,,4.08,123.02,2:03.0,149.97,2:30.0,104,1,1,1,WorkoutRow,Active,Recovery,0,0,0.0,0.0,0,0,,149.97,104,1
2025-09-27T14:04:49,9.26,31.2,26,,4.08,123.02,2:03.0,149.97,2:30.0,104,1,1,1,WorkoutRow,Active,Recovery,0,0,0.0,0.0,0,0,,149.97,104,1
2025-09-27T14:04:50,9.26,31.2,26,,4.08,123.02,2:03.0,149.97,2:30.0,104,1,1,1,WorkoutRow,Active,Recovery,0,0,0.0,0.0,0,0,,149.97,104,1
2025-09-27T14:04:50,9.26,31.2,26,,4.08,123.02,2:03.0,149.97,2:30.0,104,1,1,1,WorkoutRow,Active,Recovery,0,0,0.0,0.0,0,0,,149.97,104,1
2025-09-27T14:04:50,9.26,31.2,26,,4.08,123.02,2:03.0,149.97,2:30.0,104,1,1,1,WorkoutRow,Active,Recovery,0,0,0.0,0.0,0,0,,149.97,104,1
2025-09-27T14:04:50,9.26,31.2,26,,4.08,123.02,2:03.0,149.97,2:30.0,104,1,1,1,WorkoutRow,Active,Recovery,0,0,0.0,0.0,0,0,,149.97,104,1
2025-09-27T14:04:50,9.26,31.2,26,,4.08,123.02,2:03.0,149.97,2:30.0,104,1,1,1,WorkoutRow,Active,Recovery,0,0,0.0,0.0,0,0,,149.97,104,1
2025-09-27T14:04:50,9.26,31.2,26,,4.08,123.02,2:03.0,149.97,2:30.0,104,1,1,1,WorkoutRow,Active,Recovery,0,0,0.0,0.0,0,0,,149.97,104,1
2025-09-27T14:04:50,9.26,31.2,26,,4.08,123.02,2:03.0,149.97,2:30.0,104,1,1,1,WorkoutRow,Active,Recovery,0,0,0.0,0.0,0,0,,149.97,104,1
2025-09-27T14:04:50,9.26,31.2,26,,4.08,123.02,2:03.0,149.97,2:30.0,104,1,1,1,WorkoutRow,Active,Recovery,0,0,0.0,0.0,0,0,,149.97,104,1
2025-09-27T14:04:50,9.26,31.2,26,,4.08,123.02,2:03.0,149.97,2:30.0,104,1,1,1,WorkoutRow,Active,Recovery,0,0,0.0,0.0,0,0,,149.97,104,1
2025-09-27T14:04:50,9.26,31.2,26,,4.08,123.02,2:03.0,149.97,2:30.0,104,1,1,1,WorkoutRow,Active,Recovery,0,0,0.0,0.0,0,0,,149.97,104,1
2025-09-27T14:04:50,9.26,31.2,26,,4.08,123.02,2:03.0,149.97,2:30.0,104,1,1,1,WorkoutRow,Active,Recovery,0,0,0.0,0.0,0,0,,149.97,104,1
2025-09-27T14:04:50,9.26,31.2,26,,4.08,123.02,2:03.0,149.97,2:30.0,104,1,1,1,WorkoutRow,Active,Recovery,0,0,0.0,0.0,0,0,,149.97,104,1
2025-09-27T14:04:50,9.26,31.2,26,,4.08,123.02,2:03.0,149.97,2:30.0,104,1,1,1,WorkoutRow,Active,Recovery,0,0,0.0,0.0,0,0,,149.97,104,1
2025-09-27T14:04:50,9.77,33.4,26,,4.08,123.02,2:03.0,149.97,2:30.0,104,1,1,1,WorkoutRow,Active,Recovery,0,0,0.0,0.0,0,0,,149.97,104,1
2025-09-27T14:04:50,9.77,33.4,26,,4.08,123.02,2:03.0,149.97,2:30.0,104,1,1,1,WorkoutRow,Active,Recovery,0,0,0.0,0.0,0,0,,149.97,104,1
2025-09-27T14:04:50,9.77,33.4,26,,4.08,123.02,2:03.0,149.97,2:30.0,104,1,1,1,WorkoutRow,Active,Recovery,0,0,0.0,0.0,0,0,,149.97,104,1
2025-09-27T14:04:50,9.77,33.4,26,,4.08,123.02,2:03.0,149.97,2:30.0,104,1,1,1,WorkoutRow,Active,Recovery,0,0,0.0,0.0,0,0,,149.97,104,1
2025-09-27T14:04:50,9.77,33.4,26,,4.08,123.02,2:03.0,149.97,2:30.0,104,1,1,1,WorkoutRow,Active,Recovery,0,0,0.0,0.0,0,0,,149.97,104,1
2025-09-27T14:04:50,9.77,33.4,26,,4.08,123.02,2:03.0,149.97,2:30.0,104,1,1,1,WorkoutRow,Active,Recovery,0,0,0.0,0.0,0,0,,149.97,104,1
2025-09-27T14:04:50,9.77,33.4,26,,4.08,123.02,2:03.0,149.97,2:30.0,104,1,1,1,WorkoutRow,Active,Recovery,0,0,0.0,0.0,0,0,,149.97,104,1
2025-09-27T14:04:50,9.77,33.4,26,,4.08,123.02,2:03.0,149.97,2:30.0,104,1,1,1,WorkoutRow,Active,Recovery,0,0,0.0,0.0,0,0,,149.97,104,1
2025-09-27T14:04:50,9.77,33.4,26,,4.08,123.02,2:03.0,149.97,2:30.0,104,1,1,1,WorkoutRow,Active,Recovery,0,0,0.0,0.0,0,0,,149.97,104,1
2025-09-27T14:04:50,9.77,33.4,26,,4.08,123.02,2:03.0,149.97,2:30.0,104,1,1,1,WorkoutRow,Active,Recovery,0,0,0.0,0.0,0,0,,149.97,104,1
2025-09-27T14:04:50,9.77,33.4,26,,4.08,123.02,2:03.0,149.97,2:30.0,104,1,1,1,WorkoutRow,Active,Recovery,0,0,0.0,0.0,0,0,,149.97,104,1
2025-09-27T14:04:50,9.77,33.4,26,,4.08,123.02,2:03.0,149.97,2:30.0,104,1,1,1,WorkoutRow,Active,Recovery,0,0,0.0,0.0,0,0,,149.97,104,1
2025-09-27T14:04:50,9.77,33.4,26,,4.08,123.02,2:03.0,149.97,2:30.0,104,1,1,1,WorkoutRow,Active,Recovery,0,0,0.0,0.0,0,0,,149.97,104,1
2025-09-27T14:04:50,9.77,33.4,26,,4.08,123.02,2:03.0,149.97,2:30.0,104,1,1,1,WorkoutRow,Active,Recovery,0,0,0.0,0.0,0,0,,149.97,104,1
2025-09-27T14:04:50,9.77,33.4,26,,4.08,123.02,2:03.0,149.97,2:30.0,104,1,1,1,WorkoutRow,Active,Recovery,0,0,0.0,0.0,0,0,,149.97,104,1
2025-09-27T14:04:50,10.25,35.3,26,,4.08,123.02,2:03.0,149.97,2:30.0,104,1,1,1,WorkoutRow,Active,Recovery,0,0,0.0,0.0,0,0,,149.97,104,1
2025-09-27T14:04:50,10.25,35.3,26,,4.08,123.02,2:03.0,149.97,2:30.0,104,1,1,1,WorkoutRow,Active,Recovery,0,0,0.0,0.0,0,0,,149.97,104,1
2025-09-27T14:04:50,10.25,35.3,26,,4.08,123.02,2:03.0,149.97,2:30.0,104,1,1,1,WorkoutRow,Active,Recovery,0,0,0.0,0.0,0,0,,149.97,104,1
2025-09-27T14:04:50,10.25,35.3,26,,4.08,123.02,2:03.0,149.97,2:30.0,104,1,1,1,WorkoutRow,Active,Recovery,0,0,0.0,0.0,0,0,,149.97,104,1
2025-09-27T14:04:51,10.25,35.3,26,,4.08,123.02,2:03.0,149.97,2:30.0,104,1,1,1,WorkoutRow,Active,Recovery,0,0,0.0,0.0,0,0,,149.97,104,1
2025-09-27T14:04:51,10.25,35.3,26,,4.08,123.02,2:03.0,149.97,2:30.0,104,1,1,1,WorkoutRow,Active,Recovery,0,0,0.0,0.0,0,0,,149.97,104,1
2025-09-27T14:04:51,10.25,35.3,26,,4.08,123.02,2:03.0,149.97,2:30.0,104,1,1,1,WorkoutRow,Active,Recovery,0,0,0.0,0.0,0,0,,149.97,104,1
2025-09-27T14:04:51,10.25,35.3,26,,4.08,123.02,2:03.0,149.97,2:30.0,104,1,1,1,WorkoutRow,Active,Recovery,0,0,0.0,0.0,0,0,,149.97,104,1
2025-09-27T14:04:51,10.25,35.3,26,,4.08,123.02,2:03.0,149.97,2:30.0,104,1,1,1,WorkoutRow,Active,Recovery,0,0,0.0,0.0,0,0,,149.97,104,1
2025-09-27T14:04:51,10.25,35.3,26,,4.08,123.02,2:03.0,149.97,2:30.0,104,1,1,1,WorkoutRow,Active,Recovery,0,0,0.0,0.0,0,0,,149.97,104,1
2025-09-27T14:04:51,10.25,35.3,26,,4.08,123.02,2:03.0,149.97,2:30.0,104,1,1,1,WorkoutRow,Active,Recovery,0,0,0.0,0.0,0,0,,149.97,104,1
2025-09-27T14:04:51,10.25,35.3,26,,4.08,123.02,2:03.0,149.97,2:30.0,104,1,1,1,WorkoutRow,Active,Recovery,0,0,0.0,0.0,0,0,,149.97,104,1
2025-09-27T14:04:51,10.25,35.3,26,,4.08,123.02,2:03.0,149.97,2:30.0,104,1,1,1,WorkoutRow,Active,Recovery,0,0,0.0,0.0,0,0,,149.97,104,1
2025-09-27T14:04:51,10.25,35.3,26,,4.08,123.02,2:03.0,149.97,2:30.0,104,1,1,1,WorkoutRow,Active,Recovery,0,0,0.0,0.0,0,0,,149.97,104,1
2025-09-27T14:04:51,10.25,35.3,26,,4.08,123.02,2:03.0,149.97,2:30.0,104,1,1,1,WorkoutRow,Active,Recovery,0,0,0.0,0.0,0,0,,149.97,104,1
2025-09-27T14:04:51,10.25,35.3,26,,4.08,123.02,2:03.0,149.97,2:30.0,104,1,1,1,WorkoutRow,Active,Recovery,0,0,0.0,0.0,0,0,,149.97,104,1
2025-09-27T14:04:51,10.25,37.1,26,,4.08,123.02,2:03.0,149.97,2:30.0,104,1,1,1,WorkoutRow,Active,Recovery,0,0,0.0,0.0,0,0,,149.97,104,1
2025-09-27T14:04:51,10.75,37.1,26,,4.08,123.02,2:03.0,149.97,2:30.0,104,1,1,1,WorkoutRow,Active,Recovery,0,0,0.0,0.0,0,0,,149.97,104,1
2025-09-27T14:04:51,10.75,37.1,26,,4.08,123.02,2:03.0,149.97,2:30.0,104,1,1,1,WorkoutRow,Active,Recovery,0,0,0.0,0.0,0,0,,149.97,104,1
2025-09-27T14:04:51,10.75,37.1,26,,4.08,123.02,2:03.0,149.97,2:30.0,104,1,1,1,WorkoutRow,Active,Recovery,0,0,0.0,0.0,0,0,,149.97,104,1
2025-09-27T14:04:51,10.75,37.1,26,,4.08,123.02,2:03.0,149.97,2:30.0,104,1,1,1,WorkoutRow,Active,Recovery,0,0,0.0,0.0,0,0,,149.97,104,1
2025-09-27T14:04:51,10.75,37.1,26,,4.08,123.02,2:03.0,149.97,2:30.0,104,1,1,1,WorkoutRow,Active,Recovery,0,0,0.0,0.0,0,0,,149.97,104,1
2025-09-27T14:04:51,10.75,37.1,26,,4.08,123.02,2:03.0,149.97,2:30.0,104,1,1,1,WorkoutRow,Active,Recovery,0,0,0.0,0.0,0,0,,149.97,104,1
2025-09-27T14:04:51,10.75,37.1,26,,4.08,123.02,2:03.0,149.97,2:30.0,104,1,1,1,WorkoutRow,Active,Recovery,0,0,0.0,0.0,0,0,,149.97,104,1
2025-09-27T14:04:51,10.75,37.1,26,,4.08,123.02,2:03.0,149.97,2:30.0,104,1,1,1,WorkoutRow,Active,Recovery,0,0,0.0,0.0,0,0,,149.97,104,1
2025-09-27T14:04:51,10.75,37.1,26,,4.08,123.02,2:03.0,149.97,2:30.0,104,1,1,1,WorkoutRow,Active,Recovery,0,0,0.0,0.0,0,0,,149.97,104,1
2025-09-27T14:04:51,10.75,37.1,26,,4.08,123.02,2:03.0,149.97,2:30.0,104,1,1,1,WorkoutRow,Active,Recovery,0,0,0.0,0.0,0,0,,149.97,104,1
2025-09-27T14:04:51,10.75,37.1,26,,4.08,123.02,2:03.0,149.97,2:30.0,104,1,1,1,WorkoutRow,Active,Recovery,0,0,0.0,0.0,0,0,,149.97,104,1
2025-09-27T14:04:51,10.75,37.1,26,,4.08,123.02,2:03.0,149.97,2:30.0,104,1,1,1,WorkoutRow,Active,Recovery,0,0,0.0,0.0,0,0,,149.97,104,1
2025-09-27T14:04:51,10.75,37.1,26,,4.08,123.02,2:03.0,149.97,2:30.0,104,1,1,1,WorkoutRow,Active,Recovery,0,0,0.0,0.0,0,0,,149.97,104,1
2025-09-27T14:04:51,10.75,37.1,26,,4.08,123.02,2:03.0,149.97,2:30.0,104,1,1,1,WorkoutRow,Active,Recovery,0,0,0.0,0.0,0,0,,149.97,104,1
2025-09-27T14:04:51,10.75,37.1,26,,4.08,123.02,2:03.0,149.97,2:30.0,104,1,1,1,WorkoutRow,Active,Recovery,0,0,0.0,0.0,0,0,,149.97,104,1
2025-09-27T14:04:51,10.75,37.1,26,,4.08,123.02,2:03.0,149.97,2:30.0,104,1,1,1,WorkoutRow,Active,Recovery,0,0,0.0,0.0,0,0,,149.97,104,1
2025-09-27T14:04:51,11.26,38.9,26,,4.08,123.02,2:03.0,149.97,2:30.0,104,1,1,1,WorkoutRow,Active,Recovery,0,0,0.0,0.0,0,0,,149.97,104,1
2025-09-27T14:04:51,11.26,38.9,26,,4.08,123.02,2:03.0,149.97,2:30.0,104,1,1,1,WorkoutRow,Active,Recovery,0,0,0.0,0.0,0,0,,149.97,104,1
2025-09-27T14:04:51,11.26,38.9,26,,4.08,123.02,2:03.0,149.97,2:30.0,104,1,1,1,WorkoutRow,Active,Recovery,0,0,0.0,0.0,0,0,,149.97,104,1
2025-09-27T14:04:52,11.26,38.9,26,,4.08,123.02,2:03.0,149.97,2:30.0,104,1,1,1,WorkoutRow,Active,Recovery,0,0,0.0,0.0,0,0,,149.97,104,1
2025-09-27T14:04:52,11.26,38.9,26,,4.08,123.02,2:03.0,149.97,2:30.0,104,1,1,1,WorkoutRow,Active,Recovery,0,0,0.0,0.0,0,0,,149.97,104,1
2025-09-27T14:04:52,11.26,38.9,26,,4.08,123.02,2:03.0,149.97,2:30.0,104,1,1,1,WorkoutRow,Active,Recovery,0,0,0.0,0.0,0,0,,149.97,104,1
2025-09-27T14:04:52,11.26,38.9,26,,4.08,123.02,2:03.0,149.97,2:30.0,104,1,1,1,WorkoutRow,Active,Recovery,0,0,0.0,0.0,0,0,,149.97,104,1
2025-09-27T14:04:52,11.26,38.9,26,,4.08,123.02,2:03.0,149.97,2:30.0,104,1,1,1,WorkoutRow,Active,Recovery,0,0,0.0,0.0,0,0,,149.97,104,1
2025-09-27T14:04:52,11.26,38.9,26,,4.08,123.02,2:03.0,149.97,2:30.0,104,1,1,1,WorkoutRow,Active,Recovery,0,0,0.0,0.0,0,0,,149.97,104,1
2025-09-27T14:04:52,11.26,38.9,26,,4.08,123.02,2:03.0,149.97,2:30.0,104,1,1,1,WorkoutRow,Active,Recovery,0,0,0.0,0.0,0,0,,149.97,104,1
2025-09-27T14:04:52,11.26,38.9,26,,4.08,123.02,2:03.0,149.97,2:30.0,104,1,1,1,WorkoutRow,Active,Recovery,0,0,0.0,0.0,0,0,,149.97,104,1
2025-09-27T14:04:52,11.26,38.9,26,,4.08,123.02,2:03.0,149.97,2:30.0,104,1,1,1,WorkoutRow,Active,Recovery,0,0,0.0,0.0,0,0,,149.97,104,1
2025-09-27T14:04:52,11.26,38.9,26,,4.08,123.02,2:03.0,149.97,2:30.0,104,1,1,1,WorkoutRow,Active,Recovery,0,0,0.0,0.0,0,0,,149.97,104,1
2025-09-27T14:04:52,11.26,38.9,26,,4.08,123.02,2:03.0,149.97,2:30.0,104,1,1,1,WorkoutRow,Active,Recovery,0,0,0.0,0.0,0,0,,149.97,104,1
2025-09-27T14:04:52,11.26,38.9,26,,4.08,123.02,2:03.0,149.97,2:30.0,104,1,1,1,WorkoutRow,Active,Recovery,0,0,0.0,0.0,0,0,,149.97,104,1
2025-09-27T14:04:52,11.76,40.5,26,,4.08,123.02,2:03.0,149.97,2:30.0,104,1,1,1,WorkoutRow,Active,Recovery,0,0,0.0,0.0,0,0,,149.97,104,1
2025-09-27T14:04:52,11.76,40.5,26,,4.08,123.02,2:03.0,149.97,2:30.0,104,1,1,1,WorkoutRow,Active,Recovery,0,0,0.0,0.0,0,0,,149.97,104,1
2025-09-27T14:04:52,11.76,40.5,26,,4.08,123.02,2:03.0,149.97,2:30.0,104,1,1,1,WorkoutRow,Active,Recovery,0,0,0.0,0.0,0,0,,149.97,104,1
2025-09-27T14:04:52,11.76,40.5,26,,4.08,123.02,2:03.0,149.97,2:30.0,104,1,1,1,WorkoutRow,Active,Recovery,0,0,0.0,0.0,0,0,,149.97,104,1
2025-09-27T14:04:52,11.76,40.5,26,,4.08,123.02,2:03.0,149.97,2:30.0,104,1,1,1,WorkoutRow,Active,Recovery,0,0,0.0,0.0,0,0,,149.97,104,1
2025-09-27T14:04:52,11.76,40.5,26,,4.08,123.02,2:03.0,149.97,2:30.0,104,1,1,1,WorkoutRow,Active,Recovery,0,0,0.0,0.0,0,0,,149.97,104,1
2025-09-27T14:04:52,11.76,40.5,26,,4.08,123.02,2:03.0,149.97,2:30.0,104,1,1,1,WorkoutRow,Active,Recovery,0,0,0.0,0.0,0,0,,149.97,104,1
2025-09-27T14:04:52,11.76,40.5,26,,4.08,123.02,2:03.0,149.97,2:30.0,104,1,1,1,WorkoutRow,Active,Recovery,0,0,0.0,0.0,0,0,,149.97,104,1
2025-09-27T14:04:52,11.76,40.5,26,,4.08,123.02,2:03.0,149.97,2:30.0,104,1,1,1,WorkoutRow,Active,Recovery,0,0,0.0,0.0,0,0,,149.97,104,1
2025-09-27T14:04:52,11.76,40.5,26,,4.08,123.02,2:03.0,149.97,2:30.0,104,1,1,1,WorkoutRow,Active,Recovery,0,0,0.0,0.0,0,0,,149.97,104,1
2025-09-27T14:04:52,11.76,40.5,26,,4.08,123.02,2:03.0,149.97,2:30.0,104,1,1,1,WorkoutRow,Active,Recovery,0,0,0.0,0.0,0,0,,149.97,104,1
2025-09-27T14:04:52,11.76,40.5,26,,4.08,123.02,2:03.0,149.97,2:30.0,104,1,1,1,WorkoutRow,Active,Recovery,0,0,0.0,0.0,0,0,,149.97,104,1
2025-09-27T14:04:52,11.76,40.5,26,,4.08,123.02,2:03.0,149.97,2:30.0,104,1,1,1,WorkoutRow,Active,Recovery,0,0,0.0,0.0,0,0,,149.97,104,1
2025-09-27T14:04:52,11.76,40.5,26,,4.08,123.02,2:03.0,149.97,2:30.0,104,1,1,1,WorkoutRow,Active,Recovery,0,0,0.0,0.0,0,0,,149.97,104,1
2025-09-27T14:04:52,11.76,40.5,26,,4.08,123.02,2:03.0,149.97,2:30.0,104,1,1,1,WorkoutRow,Active,Recovery,0,0,0.0,0.0,0,0,,149.97,104,1
2025-09-27T14:04:52,11.76,40.5,26,,4.08,123.02,2:03.0,149.97,2:30.0,104,1,1,1,WorkoutRow,Active,Recovery,0,0,0.0,0.0,0,0,,149.97,104,1
2025-09-27T14:04:52,12.25,42.1,26,,4.08,123.02,2:03.0,149.97,2:30.0,104,1,1,1,WorkoutRow,Active,Recovery,0,0,0.0,0.0,0,0,,149.97,104,1
2025-09-27T14:04:52,12.25,42.1,26,,4.08,123.02,2:03.0,149.97,2:30.0,104,1,1,1,WorkoutRow,Active,Recovery,0,0,0.0,0.0,0,0,,149.97,104,1
2025-09-27T14:04:52,12.25,42.1,26,,4.08,123.02,2:03.0,149.97,2:30.0,104,1,1,1,WorkoutRow,Active,Recovery,0,0,0.0,0.0,0,0,,149.97,104,1
2025-09-27T14:04:52,12.25,42.1,26,,4.08,123.02,2:03.0,149.97,2:30.0,104,1,1,1,WorkoutRow,Active,Recovery,0,0,0.0,0.0,0,0,,149.97,104,1
2025-09-27T14:04:53,12.25,42.1,26,,4.08,123.02,2:03.0,149.97,2:30.0,104,1,1,1,WorkoutRow,Active,Recovery,0,0,0.0,0.0,0,0,,149.97,104,1
2025-09-27T14:04:53,12.25,42.1,26,,4.08,123.02,2:03.0,149.97,2:30.0,104,1,1,1,WorkoutRow,Active,Recovery,0,0,0.0,0.0,0,0,,149.97,104,1
2025-09-27T14:04:53,12.25,42.1,26,,4.08,123.02,2:03.0,149.97,2:30.0,104,1,1,1,WorkoutRow,Active,Recovery,0,0,0.0,0.0,0,0,,149.97,104,1
2025-09-27T14:04:53,12.25,42.1,26,,4.08,123.02,2:03.0,149.97,2:30.0,104,1,1,1,WorkoutRow,Active,Recovery,0,0,0.0,0.0,0,0,,149.97,104,1
2025-09-27T14:04:53,12.25,42.1,26,,4.08,123.02,2:03.0,149.97,2:30.0,104,1,1,1,WorkoutRow,Active,Recovery,0,0,0.0,0.0,0,0,,149.97,104,1
2025-09-27T14:04:53,12.25,42.1,26,,4.08,123.02,2:03.0,149.97,2:30.0,104,1,1,1,WorkoutRow,Active,Recovery,0,0,0.0,0.0,0,0,,149.97,104,1
2025-09-27T14:04:53,12.25,42.1,26,,4.08,123.02,2:03.0,149.97,2:30.0,104,1,1,1,WorkoutRow,Active,Recovery,0,0,0.0,0.0,0,0,,149.97,104,1
2025-09-27T14:04:53,12.25,42.1,26,,4.08,123.02,2:03.0,149.97,2:30.0,104,1,1,1,WorkoutRow,Active,Recovery,0,0,0.0,0.0,0,0,,149.97,104,1
2025-09-27T14:04:53,12.25,42.1,26,,4.08,123.02,2:03.0,149.97,2:30.0,104,1,1,1,WorkoutRow,Active,Recovery,0,0,0.0,0.0,0,0,,149.97,104,1
2025-09-27T14:04:53,12.25,42.1,26,,4.08,123.02,2:03.0,149.97,2:30.0,104,1,1,1,WorkoutRow,Active,Recovery,0,0,0.0,0.0,0,0,,149.97,104,1
2025-09-27T14:04:53,12.25,42.1,26,,4.08,123.02,2:03.0,149.97,2:30.0,104,1,1,1,WorkoutRow,Active,Recovery,0,0,0.0,0.0,0,0,,149.97,104,1
2025-09-27T14:04:53,12.25,42.1,26,,4.08,123.02,2:03.0,149.97,2:30.0,104,1,1,1,WorkoutRow,Active,Recovery,0,0,0.0,0.0,0,0,,149.97,104,1
2025-09-27T14:04:53,12.75,43.6,26,,4.08,123.02,2:03.0,149.97,2:30.0,104,1,1,1,WorkoutRow,Active,Recovery,0,0,0.0,0.0,0,0,,149.97,104,1
2025-09-27T14:04:53,12.75,43.6,26,,4.08,123.02,2:03.0,149.97,2:30.0,104,1,1,1,WorkoutRow,Active,Recovery,0,0,0.0,0.0,0,0,,149.97,104,1
2025-09-27T14:04:53,12.75,43.6,26,,4.08,123.02,2:03.0,149.97,2:30.0,104,1,1,1,WorkoutRow,Active,Recovery,0,0,0.0,0.0,0,0,,149.97,104,1
2025-09-27T14:04:53,12.75,43.6,26,,4.08,123.02,2:03.0,149.97,2:30.0,104,1,1,1,WorkoutRow,Active,Recovery,0,0,0.0,0.0,0,0,,149.97,104,1
2025-09-27T14:04:53,12.75,43.6,26,,4.08,123.02,2:03.0,149.97,2:30.0,104,1,1,1,WorkoutRow,Active,Recovery,0,0,0.0,0.0,0,0,,149.97,104,1
2025-09-27T14:04:53,12.75,43.6,26,,4.08,123.02,2:03.0,149.97,2:30.0,104,1,1,1,WorkoutRow,Active,Recovery,0,0,0.0,0.0,0,0,,149.97,104,1
2025-09-27T14:04:53,12.75,43.6,26,,4.08,123.02,2:03.0,149.97,2:30.0,104,1,1,1,WorkoutRow,Active,Recovery,0,0,0.0,0.0,0,0,,149.97,104,1
2025-09-27T14:04:53,12.75,43.6,26,,4.08,123.02,2:03.0,149.97,2:30.0,104,1,1,1,WorkoutRow,Active,Recovery,0,0,0.0,0.0,0,0,,149.97,104,1
2025-09-27T14:04:53,12.75,43.6,26,,4.08,123.02,2:03.0,149.97,2:30.0,104,1,1,1,WorkoutRow,Active,Recovery,0,0,0.0,0.0,0,0,,149.97,104,1
2025-09-27T14:04:53,12.75,43.6,26,,4.08,123.02,2:03.0,149.97,2:30.0,104,1,1,1,WorkoutRow,Active,Recovery,0,0,0.0,0.0,0,0,,149.97,104,1
2025-09-27T14:04:53,12.75,43.6,26,,4.08,123.02,2:03.0,149.97,2:30.0,104,1,1,1,WorkoutRow,Active,Recovery,0,0,0.0,0.0,0,0,,149.97,104,1
2025-09-27T14:04:53,12.75,43.6,26,,4.08,123.02,2:03.0,149.97,2:30.0,104,1,1,1,WorkoutRow,Active,Recovery,0,0,0.0,0.0,0,0,,149.97,104,1
2025-09-27T14:04:53,12.75,43.6,26,,4.08,123.02,2:03.0,149.97,2:30.0,104,1,1,1,WorkoutRow,Active,Recovery,0,0,0.0,0.0,0,0,,149.97,104,1
2025-09-27T14:04:53,12.75,43.6,26,,4.08,123.02,2:03.0,149.97,2:30.0,104,1,1,1,WorkoutRow,Active,Recovery,0,0,0.0,0.0,0,0,,149.97,104,1
2025-09-27T14:04:53,12.75,43.6,26,,4.08,123.02,2:03.0,149.97,2:30.0,104,1,1,1,WorkoutRow,Active,Recovery,0,0,0.0,0.0,0,0,,149.97,104,1
2025-09-27T14:04:53,12.75,43.6,26,,4.08,123.02,2:03.0,149.97,2:30.0,104,1,1,1,WorkoutRow,Active,Recovery,0,0,0.0,0.0,0,0,,149.97,104,1
2025-09-27T14:04:53,13.25,45.0,26,,4.08,123.02,2:03.0,149.97,2:30.0,104,1,1,1,WorkoutRow,Active,Recovery,0,0,0.0,0.0,0,0,,149.97,104,1
2025-09-27T14:04:53,13.25,45.0,26,,4.08,123.02,2:03.0,149.97,2:30.0,104,1,1,1,WorkoutRow,Active,Recovery,0,0,0.0,0.0,0,0,,149.97,104,1
2025-09-27T14:04:53,13.25,45.0,26,,4.08,123.02,2:03.0,149.97,2:30.0,104,1,1,1,WorkoutRow,Active,Recovery,0,0,0.0,0.0,0,0,,149.97,104,1
2025-09-27T14:04:54,13.25,45.0,26,,4.08,123.02,2:03.0,149.97,2:30.0,104,1,1,1,WorkoutRow,Active,Recovery,0,0,0.0,0.0,0,0,,149.97,104,1
2025-09-27T14:04:54,13.25,45.0,26,,4.08,123.02,2:03.0,149.97,2:30.0,104,1,1,1,WorkoutRow,Active,Recovery,0,0,0.0,0.0,0,0,,149.97,104,1
2025-09-27T14:04:54,13.25,45.0,26,,4.08,123.02,2:03.0,149.97,2:30.0,104,1,1,1,WorkoutRow,Active,Recovery,0,0,0.0,0.0,0,0,,149.97,104,1
2025-09-27T14:04:54,13.25,45.0,26,,4.08,123.02,2:03.0,149.97,2:30.0,104,1,1,1,WorkoutRow,Active,Recovery,0,0,0.0,0.0,0,0,,149.97,104,1
2025-09-27T14:04:54,13.25,45.0,26,,4.08,123.02,2:03.0,149.97,2:30.0,104,1,1,1,WorkoutRow,Active,Recovery,0,0,0.0,0.0,0,0,,149.97,104,1
2025-09-27T14:04:54,13.25,45.0,26,,4.08,123.02,2:03.0,149.97,2:30.0,104,1,1,1,WorkoutRow,Active,Recovery,0,0,0.0,0.0,0,0,,149.97,104,1
2025-09-27T14:04:54,13.25,45.0,26,,4.08,123.02,2:03.0,149.97,2:30.0,104,1,1,1,WorkoutRow,Active,Recovery,0,0,0.0,0.0,0,0,,149.97,104,1
2025-09-27T14:04:54,13.25,45.0,26,,4.08,123.02,2:03.0,149.97,2:30.0,104,1,1,1,WorkoutRow,Active,Recovery,0,0,0.0,0.0,0,0,,149.97,104,1
2025-09-27T14:04:54,13.25,45.0,26,,4.08,123.02,2:03.0,149.97,2:30.0,104,1,1,1,WorkoutRow,Active,Recovery,0,0,0.0,0.0,0,0,,149.97,104,1
2025-09-27T14:04:54,13.25,45.0,26,,4.08,123.02,2:03.0,149.97,2:30.0,104,1,1,1,WorkoutRow,Active,Recovery,0,0,0.0,0.0,0,0,,149.97,104,1
2025-09-27T14:04:54,13.25,45.0,26,,4.08,123.02,2:03.0,149.97,2:30.0,104,1,1,1,WorkoutRow,Active,Recovery,0,0,0.0,0.0,0,0,,149.97,104,1
2025-09-27T14:04:54,13.25,45.0,26,,4.08,123.02,2:03.0,149.97,2:30.0,104,1,1,1,WorkoutRow,Active,Recovery,0,0,0.0,0.0,0,0,,149.97,104,1
2025-09-27T14:04:54,13.25,45.0,26,,4.08,123.02,2:03.0,149.97,2:30.0,104,1,1,1,WorkoutRow,Active,Recovery,0,0,0.0,0.0,0,0,,149.97,104,1
2025-09-27T14:04:54,13.75,46.3,26,,4.08,123.02,2:03.0,149.97,2:30.0,104,1,1,1,WorkoutRow,Active,Recovery,0,0,0.0,0.0,0,0,,149.97,104,1
2025-09-27T14:04:54,13.75,46.3,26,,4.08,123.02,2:03.0,149.97,2:30.0,104,1,1,1,WorkoutRow,Active,Recovery,0,0,0.0,0.0,0,0,,149.97,104,1
2025-09-27T14:04:54,13.75,46.3,26,,4.08,123.02,2:03.0,149.97,2:30.0,104,1,1,1,WorkoutRow,Active,Recovery,0,0,0.0,0.0,0,0,,149.97,104,1
2025-09-27T14:04:54,13.75,46.3,26,,4.08,123.02,2:03.0,149.97,2:30.0,104,1,1,1,WorkoutRow,Active,Recovery,0,0,0.0,0.0,0,0,,149.97,104,1
2025-09-27T14:04:54,13.75,46.3,26,,4.08,123.02,2:03.0,149.97,2:30.0,104,1,1,1,WorkoutRow,Active,Recovery,0,0,0.0,0.0,0,0,,149.97,104,1
2025-09-27T14:04:54,13.75,46.3,26,,4.08,123.02,2:03.0,149.97,2:30.0,104,1,1,1,WorkoutRow,Active,Recovery,0,0,0.0,0.0,0,0,,149.97,104,1
2025-09-27T14:04:54,13.75,46.3,26,,4.08,123.02,2:03.0,149.97,2:30.0,104,1,1,1,WorkoutRow,Active,Recovery,0,0,0.0,0.0,0,0,,149.97,104,1
2025-09-27T14:04:54,13.75,46.3,26,,4.08,123.02,2:03.0,149.97,2:30.0,104,1,1,1,WorkoutRow,Active,Recovery,0,0,0.0,0.0,0,0,,149.97,104,1
2025-09-27T14:04:54,13.75,46.3,26,,4.08,123.02,2:03.0,149.97,2:30.0,104,1,1,1,WorkoutRow,Active,Recovery,0,0,0.0,0.0,0,0,,149.97,104,1
2025-09-27T14:04:54,13.75,46.3,26,,4.08,123.02,2:03.0,149.97,2:30.0,104,1,1,1,WorkoutRow,Active,Recovery,0,0,0.0,0.0,0,0,,149.97,104,1
2025-09-27T14:04:54,13.75,46.3,26,,4.08,123.02,2:03.0,149.97,2:30.0,104,1,1,1,WorkoutRow,Active,Recovery,0,0,0.0,0.0,0,0,,149.97,104,1
2025-09-27T14:04:54,13.75,46.3,26,,4.08,123.02,2:03.0,149.97,2:30.0,104,1,1,1,WorkoutRow,Active,Recovery,0,0,0.0,0.0,0,0,,149.97,104,1
2025-09-27T14:04:54,13.75,46.3,26,,4.08,123.02,2:03.0,149.97,2:30.0,104,1,1,1,WorkoutRow,Active,Recovery,0,0,0.0,0.0,0,0,,149.97,104,1
2025-09-27T14:04:54,13.75,46.3,26,,4.08,123.02,2:03.0,149.97,2:30.0,104,1,1,1,WorkoutRow,Active,Recovery,0,0,0.0,0.0,0,0,,149.97,104,1
2025-09-27T14:04:54,13.75,46.3,26,,4.08,123.02,2:03.0,149.97,2:30.0,104,1,1,1,WorkoutRow,Active,Recovery,0,0,0.0,0.0,0,0,,149.97,104,1
2025-09-27T14:04:54,13.75,46.3,26,,4.08,123.02,2:03.0,149.97,2:30.0,104,1,1,1,WorkoutRow,Active,Recovery,0,0,0.0,0.0,0,0,,149.97,104,1
2025-09-27T14:04:54,14.23,47.6,26,,4.08,123.02,2:03.0,149.97,2:30.0,104,1,1,1,WorkoutRow,Active,Recovery,0,0,0.0,0.0,0,0,,149.97,104,1
2025-09-27T14:04:54,14.23,47.6,26,,4.08,123.02,2:03.0,149.97,2:30.0,104,1,1,1,WorkoutRow,Active,Recovery,0,0,0.0,0.0,0,0,,149.97,104,1
2025-09-27T14:04:54,14.23,47.6,26,,4.08,123.02,2:03.0,149.97,2:30.0,104,1,1,1,WorkoutRow,Active,Recovery,0,0,0.0,0.0,0,0,,149.97,104,1
2025-09-27T14:04:55,14.23,47.6,26,,4.08,123.02,2:03.0,149.97,2:30.0,104,1,1,1,WorkoutRow,Active,Recovery,0,0,0.0,0.0,0,0,,149.97,104,1
2025-09-27T14:04:55,14.23,47.6,26,,4.08,123.02,2:03.0,149.97,2:30.0,104,1,1,1,WorkoutRow,Active,Recovery,0,0,0.0,0.0,0,0,,149.97,104,1
2025-09-27T14:04:55,14.23,47.6,26,,4.08,123.02,2:03.0,149.97,2:30.0,104,1,1,1,WorkoutRow,Active,Recovery,0,0,0.0,0.0,0,0,,149.97,104,1
2025-09-27T14:04:55,14.23,47.6,26,,4.08,123.02,2:03.0,149.97,2:30.0,104,1,1,1,WorkoutRow,Active,Recovery,0,0,0.0,0.0,0,0,,149.97,104,1
2025-09-27T14:04:55,14.23,47.6,26,,4.08,123.02,2:03.0,149.97,2:30.0,104,1,1,1,WorkoutRow,Active,Recovery,0,0,0.0,0.0,0,0,,149.97,104,1
2025-09-27T14:04:55,14.23,47.6,26,,4.08,123.02,2:03.0,149.97,2:30.0,104,1,1,1,WorkoutRow,Active,Recovery,0,0,0.0,0.0,0,0,,149.97,104,1
2025-09-27T14:04:55,14.23,47.6,26,,4.08,123.02,2:03.0,149.97,2:30.0,104,1,1,1,WorkoutRow,Active,Recovery,0,0,0.0,0.0,0,0,,149.97,104,1
2025-09-27T14:04:55,14.23,47.6,26,,4.08,123.02,2:03.0,149.97,2:30.0,104,1,1,1,WorkoutRow,Active,Recovery,0,0,0.0,0.0,0,0,,149.97,104,1
2025-09-27T14:04:55,14.23,47.6,26,,4.08,123.02,2:03.0,149.97,2:30.0,104,1,1,1,WorkoutRow,Active,Recovery,0,0,0.0,0.0,0,0,,149.97,104,1
